-- phpMyAdmin SQL Dump
-- version 4.8.4
-- https://www.phpmyadmin.net/
--
-- Host: localhost
-- Generation Time: Sep 21, 2020 at 04:33 PM
-- Server version: 5.6.36-log
-- PHP Version: 5.6.31

SET SQL_MODE = "NO_AUTO_VALUE_ON_ZERO";
SET AUTOCOMMIT = 0;
START TRANSACTION;
SET time_zone = "+00:00";


/*!40101 SET @OLD_CHARACTER_SET_CLIENT=@@CHARACTER_SET_CLIENT */;
/*!40101 SET @OLD_CHARACTER_SET_RESULTS=@@CHARACTER_SET_RESULTS */;
/*!40101 SET @OLD_COLLATION_CONNECTION=@@COLLATION_CONNECTION */;
/*!40101 SET NAMES utf8mb4 */;

--
-- Database: `ananyalipe_01`
--

-- --------------------------------------------------------

--
-- Table structure for table `adminlog`
--

CREATE TABLE `adminlog` (
  `UserID` int(3) UNSIGNED ZEROFILL NOT NULL,
  `Username` varchar(20) NOT NULL,
  `Password` varchar(20) NOT NULL,
  `Name` varchar(100) NOT NULL,
  `LoginStatus` int(1) NOT NULL,
  `LastUpdate` datetime NOT NULL
) ENGINE=MyISAM DEFAULT CHARSET=utf8;

--
-- Dumping data for table `adminlog`
--

INSERT INTO `adminlog` (`UserID`, `Username`, `Password`, `Name`, `LoginStatus`, `LastUpdate`) VALUES
(001, 'admin', '123654', 'ADMIN Ananya Lipe', 1, '2020-09-19 14:59:44');

-- --------------------------------------------------------

--
-- Table structure for table `bg`
--

CREATE TABLE `bg` (
  `id` int(11) NOT NULL,
  `link` varchar(50) NOT NULL,
  `Description` varchar(50) NOT NULL,
  `status` int(11) NOT NULL,
  `link1` varchar(100) NOT NULL,
  `link2` varchar(100) NOT NULL,
  `type` int(1) NOT NULL
) ENGINE=InnoDB DEFAULT CHARSET=utf8;

--
-- Dumping data for table `bg`
--

INSERT INTO `bg` (`id`, `link`, `Description`, `status`, `link1`, `link2`, `type`) VALUES
(70, 'Ananyanightligth2.jpg', '', 0, '', '', 1),
(74, 'ananyamain1.jpg', '', 0, '', '', 1),
(75, 'home2.jpg', '', 0, '', '', 1),
(76, 'home4.jpg', '', 1, '', '', 1),
(82, '20190911_190912_0002.jpg', '', 1, '', '', 2),
(83, 'Ananyanight.jpg', '', 1, '', '', 2),
(84, 'Artbeach001.jpg', '', 1, '', '', 3),
(85, '2017121.jpg', '', 1, '', '', 4),
(87, 'IMG_3241.jpg', '', 1, '', '', 5),
(92, 'ananyamain12.jpg', '', 1, '', '', 1),
(95, '20180108190154.jpg', '', 0, '', '', 1);

-- --------------------------------------------------------

--
-- Table structure for table `booking`
--

CREATE TABLE `booking` (
  `ID_booking` int(11) NOT NULL,
  `num_book` varchar(100) NOT NULL,
  `ID_room` int(11) NOT NULL,
  `num_room` int(2) NOT NULL,
  `names` varchar(100) NOT NULL,
  `phone` varchar(10) NOT NULL,
  `email` varchar(100) NOT NULL,
  `checkin` datetime NOT NULL,
  `checkout` datetime NOT NULL,
  `number_guest` int(2) NOT NULL,
  `invoice` varchar(50) NOT NULL,
  `status` int(1) NOT NULL,
  `nowbooking` datetime NOT NULL,
  `name` varchar(20) NOT NULL,
  `bank` varchar(100) NOT NULL,
  `silps` varchar(50) NOT NULL,
  `totalprice` int(10) NOT NULL,
  `day` int(5) NOT NULL
) ENGINE=InnoDB DEFAULT CHARSET=utf8;

--
-- Dumping data for table `booking`
--

INSERT INTO `booking` (`ID_booking`, `num_book`, `ID_room`, `num_room`, `names`, `phone`, `email`, `checkin`, `checkout`, `number_guest`, `invoice`, `status`, `nowbooking`, `name`, `bank`, `silps`, `totalprice`, `day`) VALUES
(16, 'ARTBEAC2019-00004', 4, 1, 'Annika Amelin', '4673512243', 'a.amelin@live.com', '2020-01-27 12:01:00', '2019-12-31 12:00:00', 2, 'ARTBEAC2019-00004', 0, '2019-12-04 04:08:00', '', '', '', 22240, 4),
(17, 'ANANYA2019-00008', 4, 1, 'Hgvvf', '7920568345', 'efdvby@con.ru', '2020-03-05 12:01:00', '2020-03-06 12:00:00', 2, 'ANANYA2019-00008', 0, '2019-12-04 12:00:00', '', '', '', 5560, 1),
(43, 'ANANYA2019-00043', 11, 1, 'Peter Clark', '+614121881', 'pclark@frostbland.com.au', '2020-03-27 12:01:00', '2020-04-01 12:00:00', 2, 'ANANYA2019-00043', 0, '2019-12-11 16:10:20', 'Peter Clark', '', '', 31800, 5),
(57, 'ANANYA2019-00057', 0, 0, '', '', '', '2012-01-00 00:00:00', '2012-00-00 00:00:00', 0, 'ANANYA2019-00057', 0, '2019-12-25 20:42:45', '', '', '', 0, 0),
(59, 'ANANYA2019-00059', 4, 2, 'He Xiaowei', '8618667908', 'xwnankai@hotmail.com', '2020-01-13 12:01:00', '2020-01-15 12:00:00', 4, 'ANANYA2019-00059', 0, '2019-12-31 23:27:51', 'He Xiaowei', '', '', 22240, 2),
(60, 'ANANYA2020-00060', 11, 1, 'Sirikanya Khamkong', '0980868482', 'oil_siri@hotmail.co.th', '2020-02-21 12:01:00', '2020-02-23 12:00:00', 2, 'ANANYA2020-00060', 1, '2020-01-02 14:28:12', 'Sirikanya Khamkong', 'BBl', '82063446_639963513475367_7224540007288012800_n.jpg', 12720, 2),
(67, 'ANANYA2020-00067', 11, 1, 'Mark mifflin ', '0985137321', 'markmifflin3@gmail.com', '2020-01-14 12:01:00', '2020-01-17 12:00:00', 2, 'ANANYA2020-00067', 1, '2020-01-04 23:20:45', 'Mark mifflin ', 'BBl', '10B35BCD-0C26-4DC5-88EF-193A4E40B037.png', 23850, 3),
(71, 'ANANYA2020-00071', 4, 1, 'Zito Clarisse ', '0675517292', 'clarisse.z@hotmail.fr', '2020-02-01 12:01:00', '2020-02-07 12:00:00', 2, 'ANANYA2020-00071', 0, '2020-01-10 05:59:24', 'Zito Clarisse ', '', '', 41700, 6),
(84, 'ANANYA2020-00084', 11, 1, 'Cristian Blumler', '5699799551', 'cblumler@gmail.com', '2020-02-09 12:01:00', '2020-02-14 12:00:00', 2, 'ANANYA2020-00084', 0, '2020-01-19 09:24:46', 'Cristian Blumler', '', '', 39750, 5),
(86, 'ANANYA2020-00086', 4, 1, 'Haechang Lee', '8210519539', 'tromeo5669@hanmail.net', '2020-12-27 12:01:00', '2020-12-30 12:00:00', 2, 'ANANYA2020-00086', 0, '2020-01-19 20:28:26', 'Haechang Lee', '', '', 13350, 3),
(89, 'ANANYA2020-00089', 11, 2, 'Thomas Skjelmose', '0044224186', 'posyhosy@hotmail.com', '2020-12-23 12:01:00', '2021-01-01 12:00:00', 4, 'ANANYA2020-00089', 0, '2020-01-21 22:11:52', 'Thomas Skjelmose', 'BBl', '4AA7B2D5-6C6D-4DD4-9CC3-D87BC4A9B048.png', 99900, 9),
(90, 'ANANYA2020-00090', 4, 1, 'Pimsinee Wungyaichim', '0876732408', 'pimsineew@gmail.com', '2020-05-03 12:01:00', '2020-05-04 12:00:00', 2, 'ANANYA2020-00090', 0, '2020-01-21 22:17:31', 'Pimsinee Wungyaichim', '', '', 4450, 1),
(91, 'ANANYA2020-00091', 4, 1, 'PIMSINEE WUNGYAICHIM', '0876732409', 'pimsineew@gmail.com', '2020-05-03 12:01:00', '2020-05-04 12:00:00', 2, 'ANANYA2020-00091', 1, '2020-01-22 10:55:07', 'PIMSINEE WUNGYAICHIM', 'BBl', '082092D6-0022-40F5-9F74-8446BC5D3595.jpeg', 3560, 1),
(93, 'ANANYA2020-00093', 11, 2, 'Francia', '0049176643', 'degenerc@yahoolde', '2020-02-12 12:01:00', '2020-02-17 12:00:00', 3, 'ANANYA2020-00093', 0, '2020-01-25 19:33:11', 'Francia', '', '', 63600, 5),
(118, 'ANANYA2020-00118', 0, 0, '', '', '', '2012-01-00 00:00:00', '2012-00-00 00:00:00', 0, 'ANANYA2020-00118', 0, '2020-01-28 15:16:06', '', '', '', 0, 0),
(119, 'ANANYA2020-00119', 4, 1, 'Kyoko sakai', '8190217628', 'kehiky@gmail.com', '2020-12-26 12:01:00', '2020-12-28 12:00:00', 2, 'ANANYA2020-00119', 0, '2020-01-30 13:19:37', 'Kyoko sakai', '', '', 8900, 2),
(120, 'ANANYA2020-00120', 4, 1, 'Mike peters', '0774563433', 'mikepeters@gmail.com', '2020-02-29 12:01:00', '2020-03-05 12:00:00', 1, 'ANANYA2020-00120', 0, '2020-01-31 20:13:58', 'Mike peters', '', '', 34750, 5),
(128, 'ANANYA2020-00128', 11, 2, 'Charlotte Lagerqvist ', '4673330069', 'charlotte.lagerqvist@capio.se', '2021-01-04 12:01:00', '2021-01-11 12:00:00', 4, 'ANANYA2020-00128', 0, '2020-02-02 03:25:11', 'Charlotte ', '', '', 77700, 7),
(129, 'ANANYA2020-00129', 4, 1, 'Paul Regan', '0031612111', 'paulkregan@gmail.com', '2020-12-26 12:01:00', '2021-01-08 12:00:00', 2, 'ANANYA2020-00129', 0, '2020-02-03 15:21:55', 'Paul Regan', '', '', 57850, 13),
(131, 'ANANYA2020-00131', 4, 1, 'Ailada Wangpanya', '0957401360', 'ilada.pla@gmail.com', '2020-05-03 12:01:00', '2020-05-05 12:00:00', 2, 'ANANYA2020-00131', 0, '2020-02-04 11:40:17', 'Ailada Wangpanya', '', '', 8900, 2),
(132, 'ANANYA2020-00132', 4, 1, 'Paul Regan', '+316121119', 'paulkregan@gmail.com', '2020-12-26 12:01:00', '2021-01-08 12:00:00', 2, 'ANANYA2020-00132', 0, '2020-02-05 20:23:26', 'Paul Regan', 'BBl', 'Screenshot_20200205-150031_Chrome.jpg', 57850, 13),
(133, 'ANANYA2020-00133', 11, 1, 'X', '0786544343', 'l@live.com', '2020-12-28 12:01:00', '2021-01-07 12:00:00', 2, 'ANANYA2020-00133', 0, '2020-02-07 14:32:34', 'X', '', '', 55500, 10),
(134, 'ANANYA2020-00134', 11, 1, 'REMI BENEDETTI', '0778515203', 'benedettiremi@gmail.com', '2020-03-21 12:01:00', '2020-03-26 12:00:00', 2, 'ANANYA2020-00134', 0, '2020-02-08 21:51:17', 'REMI BENEDETTI', 'BBl', 'ANTUNES GHISLAIN 16.pdf', 31800, 5),
(135, 'ANANYA2020-00135', 4, 1, 'HIDEKI SAKAI', '+81 904066', 'uk75429@gmail.com', '2020-12-28 12:01:00', '2021-01-01 12:00:00', 1, 'ANANYA2020-00135', 0, '2020-02-10 22:06:08', 'HIDEKI SAKAI', 'BBl', '124562888.pdf', 17800, 4),
(136, 'ANANYA2020-00136', 11, 1, 'Thanakorn', '0925642625', 'tony.burin@gmail.com', '2020-05-01 12:01:00', '2020-05-04 12:00:00', 2, 'ANANYA2020-00136', 0, '2020-02-11 12:54:13', 'Thanakorn', '', '', 13320, 3),
(145, 'ANANYA2020-00145', 0, 0, '', '', '', '2012-01-00 00:00:00', '2012-00-00 00:00:00', 0, 'ANANYA2020-00145', 0, '2020-02-22 08:26:56', '', '', '', 0, 0),
(146, 'ANANYA2020-00146', 11, 1, 'Sakdiphan', '0958591828', 'sakdiphan@yahoo.co.th', '2020-03-20 12:01:00', '2020-03-22 12:00:00', 2, 'ANANYA2020-00146', 0, '2020-02-24 22:13:44', 'Sakdiphan', '', '', 15900, 2),
(147, 'ANANYA2020-00147', 11, 1, 'Ann Fielding', '0044777579', 'appleamble@aol.com', '2021-01-26 12:01:00', '2021-02-03 12:00:00', 1, 'ANANYA2020-00147', 0, '2020-02-26 18:36:50', 'Ann Fielding', '', '', 44400, 8),
(148, 'ANANYA2020-00148', 4, 1, 'rwshr', '2073982030', 'me@herw.com', '2020-12-21 12:01:00', '2020-12-28 12:00:00', 2, 'ANANYA2020-00148', 0, '2020-03-01 06:46:56', 'rwshr', '', '', 31150, 7),
(149, 'ANANYA2020-00149', 4, 1, 'mary carew-hopkins', '0403281919', 'm_carew_hopkins@hotmail.com', '2020-12-20 12:01:00', '2020-12-26 12:00:00', 2, 'ANANYA2020-00149', 0, '2020-03-01 07:35:21', 'mary carew-hopkins', 'BBl', 'mumpassport.jpeg', 26700, 6),
(150, 'ANANYA2020-00150', 4, 1, 'mary carew-hopkins', '0403281919', 'm_carew_hopkins@hotmail.com', '2020-12-20 12:01:00', '2020-12-26 12:00:00', 2, 'ANANYA2020-00150', 1, '2020-03-01 07:55:06', 'mary carew-hopkins', 'paypal', '-', 26700, 6),
(151, 'ANANYA2020-00151', 4, 1, 'rsyryesw', '786543899', 'me@here.com', '2020-12-20 12:01:00', '2020-12-26 12:00:00', 2, 'ANANYA2020-00151', 0, '2020-03-01 08:44:58', 'rsyryesw', 'BBl', 'New Text Document.txt', 26700, 6),
(152, 'ANANYA2020-00152', 4, 1, 'ทดสอบการชำระเงิน Paypal', '12345678', 'test@gmail.com', '2020-03-02 12:01:00', '2020-03-03 12:00:00', 1, 'ANANYA2020-00152', 4, '2020-03-02 13:35:39', 'ทดสอบการชำระเงิน Pay', '', '', 5560, 1),
(157, 'ANANYA2020-00157', 4, 1, 'ทดสอบการชำระเงิน Pay', '12345678', 'miming.th@gmail.com', '2020-03-02 12:01:00', '2020-03-03 12:00:00', 1, 'ANANYA2020-00157', 1, '2020-03-02 14:14:12', 'ทดสอบการชำระเงิน Pay', 'paypal', '-', 5560, 1),
(158, 'ANANYA2020-00158', 4, 1, ':ทดสอบการชำระเงิน Pay', '0878815462', 'miming.th@gmail.com', '2020-03-02 12:01:00', '2020-03-03 12:00:00', 1, 'ANANYA2020-00158', 0, '2020-03-02 14:21:42', ':ทดสอบการชำระเงิน Pa', '', '', 6950, 1),
(159, 'ANANYA2020-00159', 4, 1, 'aewqfq', '2073982030', 'me@herw.com', '2020-08-18 12:01:00', '2020-08-25 12:00:00', 2, 'ANANYA2020-00159', 0, '2020-03-03 13:57:38', 'aewqfq', '', '', 31150, 7),
(160, 'ANANYA2020-00160', 4, 1, 'rwshr', '2073982030', 'me@herw.com', '2020-03-20 12:01:00', '2020-03-26 12:00:00', 2, 'ANANYA2020-00160', 0, '2020-03-03 14:06:07', 'rwshr', '', '', 33360, 6),
(162, 'ANANYA2020-00162', 11, 1, 'rwshr', '2073982030', 'me@herw.com', '2020-12-24 12:01:00', '2020-12-28 12:00:00', 2, 'ANANYA2020-00162', 0, '2020-03-06 06:50:04', 'rwshr', '', '', 22200, 4),
(163, 'ANANYA2020-00163', 4, 1, 'อิทธิ', '0825245169', 'itti_212_56@hotmail.com', '2020-04-18 12:01:00', '2020-04-28 12:00:00', 2, 'ANANYA2020-00163', 0, '2020-03-06 20:55:01', 'อิทธิ', '', '', 35600, 10),
(164, 'ANANYA2020-00164', 11, 1, 'Gunpong panthongprasert ', '+668190142', 'gunpong.p@gmail.com', '2020-04-11 12:01:00', '2020-04-15 12:00:00', 2, 'ANANYA2020-00164', 0, '2020-03-06 22:59:49', 'Gunpong panthongpras', '', '', 17760, 4),
(165, 'ANANYA2020-00165', 4, 1, 'Thitikanan ', '0880225226', 'auraphin@gmail.com', '2020-04-05 12:01:00', '2020-04-06 12:00:00', 2, 'ANANYA2020-00165', 0, '2020-03-08 13:08:46', 'Thitikanan ', '', '', 3560, 1),
(166, 'ANANYA2020-00166', 11, 1, 'Thitikanan', '0880225226', 'auraphin@gmail.com', '2020-04-06 12:01:00', '2020-04-07 12:00:00', 2, 'ANANYA2020-00166', 0, '2020-03-08 13:11:03', 'Thitikanan', '', '', 4440, 1),
(167, 'ANANYA2020-00167', 11, 1, 'Anunya Channava', '0910626564', 'aomanunya.tg@gmail.com', '2020-04-05 12:01:00', '2020-04-06 12:00:00', 2, 'ANANYA2020-00167', 0, '2020-03-10 15:40:32', 'Anunya Channava', '', '', 4440, 1),
(169, 'ANANYA2020-00169', 11, 1, 'RODERICK BUIJS', '0909821496', 'jake1521@gmail.com', '2020-12-28 12:01:00', '2021-01-01 12:00:00', 2, 'ANANYA2020-00169', 0, '2020-03-17 16:21:20', 'RODERICK BUIJS', '', '', 22200, 4),
(170, 'ANANYA2020-00170', 4, 1, 'พัชรินทร์', '0819229765', 'pookpikkaa@hotmail.com', '2020-12-01 12:01:00', '2020-12-02 12:00:00', 2, 'ANANYA2020-00170', 0, '2020-03-21 09:37:57', 'พัชรินทร์', '', '', 3560, 1),
(171, 'ANANYA2020-00171', 11, 1, 'Oleg Pakhalin', '7917611906', 'admpoev@gmail.com', '2020-11-02 12:01:00', '2020-11-21 12:00:00', 2, 'ANANYA2020-00171', 0, '2020-05-03 17:40:35', 'Oleg Pakhalin', '', '', 84360, 19),
(172, 'ANANYA2020-00172', 0, 0, '', '', '', '2012-01-00 00:00:00', '2012-00-00 00:00:00', 0, 'ANANYA2020-00172', 0, '2020-05-06 03:23:19', '', '', '', 0, 0),
(173, 'ANANYA2020-00173', 0, 0, '', '', '', '2012-01-00 00:00:00', '2012-00-00 00:00:00', 0, 'ANANYA2020-00173', 0, '2020-05-21 07:08:24', '', '', '', 0, 0),
(174, 'ANANYA2020-00174', 11, 2, 'Ron', '6591274128', 'kohyanseng@gmail.com', '2021-02-12 12:01:00', '2021-02-15 12:00:00', 4, 'ANANYA2020-00174', 0, '2020-05-27 22:13:18', 'Ron', '', '', 33300, 3),
(175, 'ANANYA2020-00175', 11, 1, 'Udomsak Rakrood', '0909288881', 'aunz_20@hotmail.com', '2020-06-06 12:01:00', '2020-06-08 12:00:00', 2, 'ANANYA2020-00175', 1, '2020-05-27 23:23:20', 'Udomsak Rakrood', 'paypal', '-', 11100, 2),
(176, '', 4, 6, '', '', '', '2020-05-28 12:01:00', '2020-09-30 12:00:00', 0, '', 2, '2020-05-28 11:02:20', '', '', '', 0, 0),
(177, '', 11, 6, '', '', '', '2020-05-28 12:01:00', '2020-09-30 12:00:00', 0, '', 2, '2020-05-28 11:02:32', '', '', '', 0, 0),
(178, '', 4, 5, '', '', '', '2021-01-11 12:01:00', '2021-04-30 12:00:00', 0, '', 2, '2020-05-28 13:47:02', '', '', '', 0, 0),
(179, '', 11, 5, '', '', '', '2021-01-11 12:01:00', '2021-04-30 12:00:00', 0, '', 2, '2020-05-28 13:47:20', '', '', '', 0, 0),
(180, 'ANANYA2020-00180', 0, 0, '', '', '', '2012-01-00 00:00:00', '2012-00-00 00:00:00', 0, 'ANANYA2020-00180', 0, '2020-06-03 10:07:08', '', '', '', 0, 0),
(181, 'ANANYA2020-00181', 0, 0, '', '', '', '2012-01-00 00:00:00', '2012-00-00 00:00:00', 0, 'ANANYA2020-00181', 0, '2020-06-16 13:54:17', '', '', '', 0, 0),
(182, 'ANANYA2020-00182', 0, 0, '', '', '', '2012-01-00 00:00:00', '2012-00-00 00:00:00', 0, 'ANANYA2020-00182', 0, '2020-06-26 12:36:43', '', '', '', 0, 0),
(183, 'ANANYA2020-00183', 0, 0, '', '', '', '2012-01-00 00:00:00', '2012-00-00 00:00:00', 0, 'ANANYA2020-00183', 0, '2020-07-01 20:40:44', '', '', '', 0, 0),
(184, 'ANANYA2020-00184', 11, 1, 'Xx', '0899987760', 'mamahoneii@gmail.com', '2020-12-31 12:01:00', '2021-01-01 12:00:00', 1, 'ANANYA2020-00184', 0, '2020-07-04 16:00:06', 'Xx', '', '', 8480, 1),
(185, 'ANANYA2020-00185', 0, 0, '', '', '', '2012-01-00 00:00:00', '2012-00-00 00:00:00', 0, 'ANANYA2020-00185', 0, '2020-07-10 01:07:17', '', '', '', 0, 0),
(186, 'ANANYA2020-00186', 0, 0, '', '', '', '2012-01-00 00:00:00', '2012-00-00 00:00:00', 0, 'ANANYA2020-00186', 0, '2020-07-12 08:15:34', '', '', '', 0, 0),
(187, 'ANANYA2020-00187', 0, 0, '', '', '', '2012-01-00 00:00:00', '2012-00-00 00:00:00', 0, 'ANANYA2020-00187', 0, '2020-07-19 10:19:36', '', '', '', 0, 0),
(188, 'ANANYA2020-00188', 0, 0, '', '', '', '2012-01-00 00:00:00', '2012-00-00 00:00:00', 0, 'ANANYA2020-00188', 0, '2020-07-22 17:25:24', '', '', '', 0, 0),
(189, 'ANANYA2020-00189', 0, 0, '', '', '', '2012-01-00 00:00:00', '2012-00-00 00:00:00', 0, 'ANANYA2020-00189', 0, '2020-07-24 04:21:05', '', '', '', 0, 0),
(190, 'ANANYA2020-00190', 0, 0, '', '', '', '2012-01-00 00:00:00', '2012-00-00 00:00:00', 0, 'ANANYA2020-00190', 0, '2020-08-01 15:37:06', '', '', '', 0, 0),
(191, 'ANANYA2020-00191', 0, 0, '', '', '', '2012-01-00 00:00:00', '2012-00-00 00:00:00', 0, 'ANANYA2020-00191', 0, '2020-08-03 00:45:37', '', '', '', 0, 0),
(192, 'ANANYA2020-00192', 0, 0, '', '', '', '2012-01-00 00:00:00', '2012-00-00 00:00:00', 0, 'ANANYA2020-00192', 0, '2020-08-11 11:06:19', '', '', '', 0, 0),
(193, 'ANANYA2020-00193', 0, 0, '', '', '', '2012-01-00 00:00:00', '2012-00-00 00:00:00', 0, 'ANANYA2020-00193', 0, '2020-08-12 17:29:26', '', '', '', 0, 0),
(194, 'ANANYA2020-00194', 4, 1, 'Jutima Sampuntawong', '0815985875', 'sumpuntawong.j@gmail.com', '2020-12-04 12:01:00', '2020-12-06 12:00:00', 2, 'ANANYA2020-00194', 0, '2020-08-12 21:14:06', 'Jutima Sampuntawong', '', '', 12880, 2),
(195, 'ANANYA2020-00195', 0, 0, '', '', '', '2012-01-00 00:00:00', '2012-00-00 00:00:00', 0, 'ANANYA2020-00195', 0, '2020-08-14 09:05:31', '', '', '', 0, 0),
(196, 'ANANYA2020-00196', 0, 0, '', '', '', '2012-01-00 00:00:00', '2012-00-00 00:00:00', 0, 'ANANYA2020-00196', 0, '2020-08-15 15:06:52', '', '', '', 0, 0),
(197, 'ANANYA2020-00197', 0, 0, '', '', '', '2012-01-00 00:00:00', '2012-00-00 00:00:00', 0, 'ANANYA2020-00197', 0, '2020-08-25 21:01:16', '', '', '', 0, 0),
(198, 'ANANYA2020-00198', 0, 0, '', '', '', '2012-01-00 00:00:00', '2012-00-00 00:00:00', 0, 'ANANYA2020-00198', 0, '2020-08-27 02:44:07', '', '', '', 0, 0),
(199, 'ANANYA2020-00199', 0, 0, '', '', '', '2012-01-00 00:00:00', '2012-00-00 00:00:00', 0, 'ANANYA2020-00199', 0, '2020-08-28 18:29:41', '', '', '', 0, 0),
(200, 'ANANYA2020-00200', 4, 1, 'aseeyah', '0612543133', 'imiseo21@gmail.com', '2021-10-21 12:01:00', '2021-10-22 12:00:00', 1, 'ANANYA2020-00200', 0, '2020-08-29 09:56:56', 'aseeyah', '', '', 4450, 1);

-- --------------------------------------------------------

--
-- Table structure for table `facilties`
--

CREATE TABLE `facilties` (
  `ID_fa` int(11) NOT NULL,
  `ID_room` int(11) NOT NULL,
  `id_fac` int(3) NOT NULL
) ENGINE=InnoDB DEFAULT CHARSET=utf8;

--
-- Dumping data for table `facilties`
--

INSERT INTO `facilties` (`ID_fa`, `ID_room`, `id_fac`) VALUES
(2, 2, 1),
(5, 5, 2),
(16, 1, 3),
(17, 1, 5),
(21, 1, 2),
(22, 21, 1),
(25, 2, 2),
(26, 2, 3),
(27, 2, 4),
(28, 2, 2),
(29, 2, 3),
(34, 1, 4),
(35, 1, 8),
(36, 4, 4),
(37, 4, 5),
(38, 1, 6),
(39, 1, 7),
(40, 1, 9),
(41, 1, 10),
(43, 4, 1),
(44, 3, 10),
(45, 9, 1),
(46, 9, 10),
(47, 9, 9),
(48, 1, 1),
(49, 4, 2),
(50, 4, 3);

-- --------------------------------------------------------

--
-- Table structure for table `fontweb`
--

CREATE TABLE `fontweb` (
  `ID_fontweb` int(11) NOT NULL,
  `detail_th` varchar(10000) NOT NULL,
  `detail_en` varchar(10000) NOT NULL,
  `detail_cn` varchar(1000) NOT NULL,
  `type` varchar(100) NOT NULL
) ENGINE=InnoDB DEFAULT CHARSET=utf8;

--
-- Dumping data for table `fontweb`
--

INSERT INTO `fontweb` (`ID_fontweb`, `detail_th`, `detail_en`, `detail_cn`, `type`) VALUES
(1, '<div>\r\n<h2>สปีดโบ๊ท / เฟอร์รี่</h2>\r\n<br />\r\nการเดินทางสู่เกาะหลีเป๊ะโดยเรือสปีดโบ๊ท/เฟอร์รี่ มี 3 เส้นทางหลัก คือ<br />\r\n<br />\r\n&bull; จากท่าเรือปากบาราถึงเกาะหลีเป๊ะ&nbsp; ใช้เวลาประมาณ 1 ชั่วโมง 30 นาที<br />\r\n<br />\r\nเมื่อถึงท่าเรือปากบาราจะต้องเสียค่าธรรมเนียมผ่านท่าคนละ 20 บาท เรือที่ให้บริการมี 2 แบบ ได้แก่ เรือเฟอร์รี่และสปีทโบ๊ท โดยจะใช้เวลาประมาณ 1 ชั่วโมง 30 นาที แต่เรือบางลำอาจแวะไปส่งคนที่เกาะตะรุเตาด้วยอาจจะใช้เวลามากกว่าปกติ 30 นาที<br />\r\n<br />\r\nเรือเฟอร์รี่ เป็นเรือใหญ่ ห้องโดยสารปรับอากาศ ขนาดประมาณ 100 ที่นั่ง นั่งสบาย แล่นนิ่ม ในวันที่คลื่นแรง เรือเฟอร์รี่จะนั่งสบายกว่าสปีทโบ๊ท&nbsp; เรือสปีดโบ๊ท ขนาด 50-80 ที่นั่งติดเครื่องยนต์ 4-5 ตัว รับลมทะเล บางลำแวะจอดให้เที่ยวที่เกาะตะรุเตา และเกาะไข่<br />\r\n<br />\r\nเมื่อถึงเกาะหลีเป๊ะแล้วเรือเฟอร์รี่/สปีทโบ๊ทจะจอดที่โป๊ะกลางน้ำที่หาดพัทยา จากนั้นจะต้องเสียค่าการจัดการคนละ 20 บาท และค่าเรือหางยาวเข้าเกาะคนละ 50 บาท จากนั้นเดินไปขึ้นเรือหางยาวไปยังหาดต่างๆ ตามที่ต้องการ เรือหางยาวจะพาเราขึ้นเกาะหลีเป๊ะอีกทีหนึ่ง</div>\r\n', '<div>\r\n<h2>SPEED BOAT / FERRY</h2>\r\n<br />\r\nComing to Koh Lipe by Speed boat, there are 3 main routes.<br />\r\n<br />\r\n&bull;&nbsp; From Pakbara Pier to Koh Lipe takes around 1.30 hrs.<br />\r\n<br />\r\n&bull;&nbsp; From Langkawi to Koh Lipe takes around 1.20 hrs. (From there the service is by Ferry Boat only to port by Kuah Jetty and Telaga Habour Marina). Customers coming from Kuala Lumpur (KL) or Penang using this route.<br />\r\n<br />\r\n&bull;&nbsp; Lanta to Koh Lipe takes around 3.00 hrs.&nbsp; Visitors coming from Koh Mook, Koh Ngai, Koh Bulone from this route advice to use Kuah Jetty and Telaga Habour Marina from Kuala Lumpur (KL) or Penang from.</div>\r\n', '<div>快艇/渡輪<br />\r\n乘坐快艇前往Koh Lipe，有3條主要路線。<br />\r\n&bull;從Pakbara碼頭到麗貝島大約需要1.30個小時。<br />\r\n&bull;從蘭卡威到麗貝島大約需要1.20小時。 （從那裡乘渡輪僅可到達Kuah Jetty和Telaga Habour Marina港口）。 來自吉隆坡（KL）或檳城的客戶使用此路線。<br />\r\n&bull;蘭達到麗貝島大約需要3.00小時。 來自該島的穆克島，奈島，布隆島的遊客建議從吉隆坡（KL）或檳城使用Kuah Jetty和Telaga Habour Marina。</div>\r\n', 'lifestyle'),
(2, '<div>433 หมู่ 7 ตำบล เกาะสาหร่าย อำเภอ เมือง สตูล 91110</div>\r\n\r\n<div>\r\n<div>&nbsp;</div>\r\n\r\n<div>+66 (0) 91 634&nbsp;6342 -&nbsp;4</div>\r\n\r\n<div>&nbsp;</div>\r\n\r\n<div>Office Hours 08.00am. &ndash; 06.00pm. (Thai time)</div>\r\n\r\n<div>\r\n<div>&nbsp;</div>\r\n\r\n<div>Email:&nbsp;<a href=\"mailto:rsvn@artbeachlipe.com\">rsvn@</a><a href=\"http://www.artbeachlipe.com\">ananyalipe</a><a href=\"mailto:rsvn@artbeachlipe.com\">.com</a></div>\r\n\r\n<div>&nbsp;</div>\r\n\r\n<div>Website :&nbsp;<a href=\"http://www.ananyalipe.com\">www.ananyalipe.com</a></div>\r\n</div>\r\n</div>\r\n', '<div>433&nbsp; Moo. 7 Koh Lipe, T. Koh Sarai,</div>\r\n\r\n<div>\r\n<div>&nbsp;</div>\r\n\r\n<div>Muang, Satun 91110 Thailand.</div>\r\n\r\n<div>&nbsp;</div>\r\n\r\n<div>\r\n<div>+66 (0) 91 634&nbsp;6342 -&nbsp;4</div>\r\n\r\n<div>&nbsp;</div>\r\n\r\n<div>Office Hours 08.00am. &ndash; 06.00pm. (Thai time)</div>\r\n\r\n<div>\r\n<div>&nbsp;</div>\r\n\r\n<div>Email:&nbsp;<a href=\"mailto:rsvn@artbeachlipe.com\">rsvn@</a><a href=\"http://www.artbeachlipe.com\">ananyalipe</a><a href=\"mailto:rsvn@artbeachlipe.com\">.com</a></div>\r\n\r\n<div>&nbsp;</div>\r\n\r\n<div>Website :&nbsp;<a href=\"http://www.ananyalipe.com\">www.ananyalipe.com</a></div>\r\n</div>\r\n\r\n<div>&nbsp;</div>\r\n</div>\r\n</div>\r\n', '<div>\r\n<div>433&nbsp; Moo. 7 Koh Lipe, T. Koh Sarai,</div>\r\n\r\n<div>\r\n<div>&nbsp;</div>\r\n\r\n<div>Muang, Satun 91110 Thailand.</div>\r\n\r\n<div>&nbsp;</div>\r\n\r\n<div>\r\n<div>+66 (0) 91 634&nbsp;6342 -&nbsp;4</div>\r\n\r\n<div>&nbsp;</div>\r\n\r\n<div>Office Hours 08.00am. &ndash; 06.00pm. (Thai time)</div>\r\n\r\n<div>\r\n<div>&nbsp;</div>\r\n\r\n<div>Email:&nbsp;<a href=\"mailto:rsvn@artbeachlipe.com\">rsvn@</a><a href=\"http://www.artbeachlipe.com\">ananyalipe</a><a href=\"mailto:rsvn@artbeachlipe.com\">.com</a></div>\r\n\r\n<div>&nbsp;</div>\r\n\r\n<div>Website :&nbsp;<a href=\"http://www.ananyalipe.com\">www.ananyalipe.com</a></div>\r\n</div>\r\n</div>\r\n</div>\r\n</div>\r\n', 'contact'),
(3, '099254444', '099254444', '', 'ph'),
(4, '394822.jpg', '394822.jpg', '', 'qr'),
(5, '20190704_๑๙๐๗๒๔_0018.jpg', '20190704_๑๙๐๗๒๔_0018.jpg', '', 'vdo'),
(6, '<p style=\"text-align:center\"><span style=\"font-size:16px\"><span style=\"font-family:Tahoma,Geneva,sans-serif\">&nbsp; &nbsp; &nbsp; &nbsp; </span></span><span style=\"font-size:18px\"><span style=\"font-family:Arial,Helvetica,sans-serif\">&nbsp;ยินดีต้อนรับสู่ Ananya Lipe (อนัญญา หลีเป๊ะ) รีสอร์ท หลีเป๊ะ ริมชายหาดสีขาว น้ำทะเลสีฟ้าครามของทะเลอันดามันอันเลื่องชื่อและฤดูร้อนอันสดใส พบกับวิวที่ยอดเยี่ยมที่สุดในบรรดาที่พักเกาะหลีเป๊ะ&nbsp;&nbsp;</span></span></p>\r\n\r\n<p style=\"text-align:center\">&nbsp;</p>\r\n\r\n<p dir=\"ltr\" style=\"text-align: center;\"><span style=\"font-size:18px\"><span style=\"font-family:Arial,Helvetica,sans-serif\">Ananya Lipe (อนัญญา หลีเป๊ะ) ที่พักเกาะหลีเป๊ะสุดหรู โรงแรมหลีเป๊ะที่ประกอบไปด้วยสิ่งอำนวยความสะดวกมากมาย สัมผัสบรรยากาศแห่งการพักผ่อน ไปกับที่พักสไตล์โมเดิร์น ระดับ 5 ดาว ติดหาดพัทยาใกล้ถนนคนเดิน และเพลิดเพลินไปกับสระว่ายน้ำขนาดใหญ่ล้อมรอบทั้งสระว่ายน้ำกลางแจ้ง และสระว่ายหลังห้องสุดกว้างขวางพร้อมม่านน้ำตกสุดอลังการ, ฟิสเนส , คิดส์คลับ และกิจกรรมอื่นๆอีกมากมาย ห้องพักทุกประเภทประกอบด้วยสิ่งอำนวยความสะดวกที่มีคุณภาพและคัดสรรมาเป็นอย่างดี ผู้เข้าพักจึงมั่นใจได้ว่าจะได้รับ ความสะดวกสบายและการบริการแบบมืออาชีพ&nbsp;&nbsp;</span></span></p>\r\n\r\n<p dir=\"ltr\" style=\"text-align:center\">&nbsp;</p>\r\n\r\n<p dir=\"ltr\" style=\"text-align:center\"><span style=\"font-size:18px\"><span style=\"font-family:Arial,Helvetica,sans-serif\">วิวที่&nbsp; Ananya Lipe (อนัญญา หลีเป๊ะ) สามารถมองเห็นได้ทั้งพระอาทิตย์ขึ้นและพระอาทิตย์ตกสุดโรแมนติก พร้อมด้วยความบันเทิงยามค่ำคืนกับกิจกรรมหน้าหาด พร้อมด้วยเครื่องดื่มและอาหารสุดอร่อยให้คุณได้สนุกได้ทั้งค่ำคืน มีเจ้าหน้าที่ดูแลตลอด 24 ชั่วโมง ให้คุณได้เต็มอิ่มไปกับการพักผ่อนที่ </span></span><span style=\"font-size:18px\"><span style=\"font-family:Arial,Helvetica,sans-serif\">Ananya Lipe (อนัญญา หลีเป๊ะ)</span></span></p>\r\n\r\n<p dir=\"ltr\" style=\"text-align:center\">&nbsp;</p>\r\n\r\n<p dir=\"ltr\" style=\"text-align:center\"><span style=\"font-size:18px\"><span style=\"font-family:Arial,Helvetica,sans-serif\">ที่พักเกาะหลีเป๊ะ | โรงแรมหลีเป๊ะ | รีสอร์ท หลีเป๊ะ | Ananya Lipe | อนัญญา หลีเป๊ะ</span></span></p>\r\n\r\n<p style=\"text-align:center\">&nbsp;</p>\r\n', '<div style=\"text-align: center;\">Ananya Lipe is the best luxurios resort in Koh Lipe. &nbsp;</div>\r\n\r\n<div style=\"text-align: center;\">Lipe island is Thai island in the Andaman sea. &nbsp; Ananya Lipe is located on pattay beach of Lipe island, which is a popular beach. &nbsp;</div>\r\n\r\n<div style=\"text-align: center;\">Ananya Lipe included all facilities, outdoors swimming pool and accessible from the guest room to ensure you feel relaxed at Ananya Lipe.</div>\r\n', '<div style=\"text-align: center;\">Ananya 丽贝酒店这家四星级豪华酒店超级舒适的住宿环境，有很多设施。</div>\r\n\r\n<div style=\"text-align: center;\">酒店位于丽贝岛的白沙滩。Ananya丽贝有两个游泳池，第一是在前面的酒店是室外游泳池，第二在中间的酒店。让您体验真正的之乐。</div>\r\n', 'sl'),
(7, '<div><span style=\"font-family:Georgia,serif\"><span style=\"font-size:36px\"><strong>Discount on web bookings discounted 10%</strong></span></span></div>\r\n', '<div><span style=\"font-family:Georgia,serif\"><span style=\"font-size:36px\"><strong>Discount on web bookings discounted 10%</strong></span></span></div>\r\n', '', 'de'),
(8, 'www.w3hatyai.com', 'www.w3hatyai.com', 'www.w3hatyai.com', 'web'),
(9, 'info@w3hatyai.com', 'info@w3hatyai.com', '', 'mail'),
(10, '<div>ทางโรงเเรมไม่อนุญาตให้ประกอบอาหารภายในห้องพักโดยเด็ดขาด จึงขอแจ้งให้ทราบล่วงหน้า หากพบเห็นปรับ 2000 บาท ทางโรงเเรมไม่อนุญาตให้นำสัตว์เลี้ยงเข้าที่พักโดยเด็ดขาด จึงขอแจ้งให้ทราบล่วงหน้า ทางโรงเเรมไม่อนุญาติให้สูบบุหรี่ในห้องพักโดยเด็ดขาด หากพบเห็น ปรับ 2000 บาท ทางโรงเเรมไม่อนุญาติให้มีการสั่งอาหารหรือเครื่องดื่มจากร้านค้าภายนอก เข้ามาภายในบริเวณโรงเเรม ห้องอาหารของโรงเเรมไม่มีบริการประกอบอาหารที่ท่านเตรียมมาเองให้ หากต้องการ check out หลัง 11.00 น. กรุณาแจ้งให้ทางโรงเเรมทราบล่วงหน้า หลังจากได้รับการยืนยันห้องพักว่างแล้ว กรุณาโอนเงินมัดจำภายใน 24 ชั่วโมง</div>\r\n', '<div>ทางโรงเเรมไม่อนุญาตให้ประกอบอาหารภายในห้องพักโดยเด็ดขาด จึงขอแจ้งให้ทราบล่วงหน้า หากพบเห็นปรับ 2000 บาท ทางโรงเเรมไม่อนุญาตให้นำสัตว์เลี้ยงเข้าที่พักโดยเด็ดขาด จึงขอแจ้งให้ทราบล่วงหน้า ทางโรงเเรมไม่อนุญาติให้สูบบุหรี่ในห้องพักโดยเด็ดขาด หากพบเห็น ปรับ 2000 บาท ทางโรงเเรมไม่อนุญาติให้มีการสั่งอาหารหรือเครื่องดื่มจากร้านค้าภายนอก เข้ามาภายในบริเวณโรงเเรม ห้องอาหารของโรงเเรมไม่มีบริการประกอบอาหารที่ท่านเตรียมมาเองให้ หากต้องการ check out หลัง 11.00 น. กรุณาแจ้งให้ทางโรงเเรมทราบล่วงหน้า หลังจากได้รับการยืนยันห้องพักว่างแล้ว กรุณาโอนเงินมัดจำภายใน 24 ชั่วโมง</div>\r\n', '<div>ทางโรงเเรมไม่อนุญาตให้ประกอบอาหารภายในห้องพักโดยเด็ดขาด จึงขอแจ้งให้ทราบล่วงหน้า หากพบเห็นปรับ 2000 บาท ทางโรงเเรมไม่อนุญาตให้นำสัตว์เลี้ยงเข้าที่พักโดยเด็ดขาด จึงขอแจ้งให้ทราบล่วงหน้า ทางโรงเเรมไม่อนุญาติให้สูบบุหรี่ในห้องพักโดยเด็ดขาด หากพบเห็น ปรับ 2000 บาท ทางโรงเเรมไม่อนุญาติให้มีการสั่งอาหารหรือเครื่องดื่มจากร้านค้าภายนอก เข้ามาภายในบริเวณโรงเเรม ห้องอาหารของโรงเเรมไม่มีบริการประกอบอาหารที่ท่านเตรียมมาเองให้ หากต้องการ check out หลัง 11.00 น. กรุณาแจ้งให้ทางโรงเเรมทราบล่วงหน้า หลังจากได้รับการยืนยันห้องพักว่างแล้ว กรุณาโอนเงินมัดจำภายใน 24 ชั่วโมง</div>\r\n', 'pay'),
(11, 'Everyday 5:30pm - 10:00pm\r\n', 'Everyday 5:30pm - 10:00pm\r\n', '', 'footer'),
(12, 'Ananya.png', 'Ananya.png', '', 'logo'),
(13, 'aa.jpg', 'aa.jpg', 'aa.jpg', 'imgstyle'),
(14, '<div><span style=\"font-size:18px\"><strong>โดยเครื่องบิน</strong></span></div>\r\n\r\n<div>&nbsp;</div>\r\n\r\n<div><br />\r\nมีเที่ยวบินสะดวกไปยังสนามบินหาดใหญ่ (HDY) หรือสนามบินตรัง (TST) สายการบินต้นทุนต่ำของไทยส่วนใหญ่มีตารางเที่ยวบินรายวันออกเดินทางจากกรุงเทพไปยังสนามบินหาดใหญ่ (HDY) หรือสนามบินตรัง (TST) เที่ยวบินเพียงหนึ่งชั่วโมงจากสนามบินดอนเมืองกรุงเทพฯ (DMK) ไปยังสนามบินหาดใหญ่ (HDY) หรือสนามบินตรัง\r\n<h3>สายการบิน:</h3>\r\n\r\n<ul>\r\n	<li>AirAsia</li>\r\n	<li>NokAir</li>\r\n	<li>Thai Lion Air</li>\r\n	<li>Thai Smile and Thai Airways</li>\r\n</ul>\r\n</div>\r\n', '<div><span style=\"font-size:18px\"><strong>BY PLANE</strong></span></div>\r\n\r\n<div>&nbsp;</div>\r\n\r\n<div><br />\r\nConvenience flights to Hat Yai (HDY) or Trang (TST) airports available. Most Thai low cost airlines have daily flights schedule departs from Bangkok to either Hat Yai (HDY) or Trang (TST) airports. Just over an hour flight from Don Muang, Bangkok (DMK) airport to Hat Yai (HDY) or Trang airports.\r\n<h3>Airlines:</h3>\r\n\r\n<ul>\r\n	<li>AirAsia</li>\r\n	<li>NokAir</li>\r\n	<li>Thai Lion Air</li>\r\n	<li>Thai Smile and Thai Airways</li>\r\n</ul>\r\n</div>\r\n', '<div>\r\n<div>坐飛機去的</div>\r\n\r\n<div><br />\r\n飛往合艾（HDY）或董裡（TST）機場的便捷航班。 大多數泰國的低成本航空公司都有從曼谷飛往合艾（HDY）或董裡（TST）機場的每日航班時刻表。 從廊曼（Don Muang），曼谷（DMK）機場到合艾（HDY）或董裡機場只需一個多小時的航班。<br />\r\n航空公司：<br />\r\n亞航<br />\r\n飛鳥航空<br />\r\n泰國獅航<br />\r\n泰國微笑和泰國航空</div>\r\n</div>\r\n', 'plane'),
(15, '<div><span style=\"font-family:Georgia,serif\"><span style=\"font-size:24px\">ART BEACH CLUB</span></span><br />\r\n&nbsp;</div>\r\n\r\n<div><span style=\"font-family:Georgia,serif\"><span style=\"font-size:12px\">อาร์ทบีชคลับเป็นสถานที่ที่มีสไตล์เหมาะสำหรับการพักผ่อนและปาร์ตี้บนชายหาดพัทยาที่โด่งดังที่สุดบนเกาะหลีเป๊ะ มันเป็นบีชคลับแห่งเดียวในหลีเป๊ะที่อยู่ในรีสอร์ทและเป็นสถานที่ที่ไม่ไกลจากถนนคนเดินหลีเป๊ะ Art Beach Club ให้บริการเครื่องดื่มหลากหลายซึ่งคุณสามารถเพลิดเพลินไปกับการชมพระอาทิตย์ตกทะเลอันดามันอันระยิบระยับในขณะที่คุณสามารถสั่งอาหารหลากหลายเช่นเบอร์เกอร์กุ้งก้ามกราม การเลือกเพลงที่เล่นโดยดีเจประจำถิ่นซึ่งตั้งอยู่เหนือแถบว่ายน้ำในสระว่ายน้ำ - ส่วนใหญ่จะเป็นแนวเพลงอาร์แอนด์บีแจ๊สและชิลล์เอาท์ซึ่งจะสลับกับวงดนตรีสดบนชายหาด</span></span></div>\r\n', '<div><span style=\"font-family:Georgia,serif\"><span style=\"font-size:24px\">ART BEACH CLUB</span></span></div>\r\n\r\n<div>&nbsp;</div>\r\n\r\n<div><span style=\"font-family:Georgia,serif\"><span style=\"font-size:12px\">Art Beach Club is a stylish, laid-back place to relax and party right on the most popular Pattaya Beach, Lipe Island. It is the only one of beach club in Lipe which is in the resort and is one extreme venue that short distance from Lipe walking street. The Art Beach club serves a range of drinks which can be enjoyed as you gaze out over the glittering Andaman Sea Sunset as you can also order a variety of dishes such as lobster burger or bruschetta. The music selection played by the resident DJ &ndash; who is positioned above the swim-up bar in one of the pools &ndash; is mostly smooth R&amp;B, jazz and chill-out tracks which will alternate with live music house bands on the beach.</span></span></div>\r\n', '<div><span style=\"font-size:24px\"><strong>藝術海灘俱樂部</strong></span><br />\r\n<span style=\"font-size:16px\">Art Beach Club是一個時尚的休閒場所，可在利普島最受歡迎的芭堤雅海灘上放鬆和聚會。 這是該度假村唯一的Lipe海灘俱樂部，並且是離Lipe步行街不遠的極限場地。 Art Beach俱樂部提供各種飲料，您可以凝視著閃閃發光的安達曼海上日落，還可以訂購各種菜餚，例如龍蝦漢堡或意式烤麵包。 駐場DJ（位於其中一個池中的游泳吧上方）播放的音樂選擇主要是流暢的R＆B，爵士和放鬆軌道，這些聲音將與海灘上的現場音樂表演樂隊交替播放。</span></div>\r\n', 'art_beach_club1'),
(16, '<div>\r\n<div><span style=\"font-size:24px\"><strong>ART BEACH CLUB</strong></span></div>\r\n\r\n<div>&nbsp;</div>\r\n\r\n<div><span style=\"font-family:Arial,Helvetica,sans-serif\"><span style=\"font-size:18px\">Art Beach Club is a stylish, laid-back place to relax and party right on the most popular Pattaya Beach, Lipe Island. It is the only one of beach club in Lipe which is in the resort and is one extreme venue that short distance from Lipe walking street. The Art Beach club serves a range of drinks which can be enjoyed as you gaze out over the glittering Andaman Sea Sunset as you can also order a variety of dishes such as lobster burger or bruschetta. The music selection played by the resident DJ &ndash; who is positioned above the swim-up bar in one of the pools &ndash; is mostly smooth R&amp;B, jazz and chill-out tracks which will alternate with live music house bands on the beach.</span></span></div>\r\n</div>\r\n', '<div>\r\n<div><span style=\"font-size:24px\"><strong>ART BEACH CLUB</strong></span></div>\r\n\r\n<div>&nbsp;</div>\r\n\r\n<div><span style=\"font-family:Arial,Helvetica,sans-serif\"><span style=\"font-size:18px\">Art Beach Club is a stylish, laid-back place to relax and party right on the most popular Pattaya Beach, Lipe Island. It is the only one of beach club in Lipe which is in the resort and is one extreme venue that short distance from Lipe walking street. The Art Beach club serves a range of drinks which can be enjoyed as you gaze out over the glittering Andaman Sea Sunset as you can also order a variety of dishes such as lobster burger or bruschetta. The music selection played by the resident DJ &ndash; who is positioned above the swim-up bar in one of the pools &ndash; is mostly smooth R&amp;B, jazz and chill-out tracks which will alternate with live music house bands on the beach.</span></span></div>\r\n</div>\r\n', '<div>\r\n<div><span style=\"font-size:24px\"><strong>ART BEACH CLUB</strong></span></div>\r\n\r\n<div>&nbsp;</div>\r\n\r\n<div><span style=\"font-family:Arial,Helvetica,sans-serif\"><span style=\"font-size:18px\">Art Beach Club is a stylish, laid-back place to relax and party right on the most popular Pattaya Beach, Lipe Island. It is the only one of beach club in Lipe which is in the resort and is one extreme venue that short distance from Lipe walking street. The Art Beach club serves a range of drinks which can be enjoyed as you gaze out over the glittering Andaman Sea Sunset as you can also order a variety of dishes such as lobster burger or bruschetta. The music selection played by the resident DJ &ndash; who is positioned above the swim-up bar in one of the pools &ndash; is mostly smooth R&amp;B, jazz and chill-out tracks which will alternate with live music house bands on the beach.</span></span></div>\r\n</div>\r\n', 'art_beach_club2'),
(17, 'art1.jpg', 'art2.jpg', '', 'img_art_beach_club'),
(19, '<div>\r\n<div>\r\n<div><span style=\"font-size:26px\"><strong>ร้านอาหารพัทยา</strong></span></div>\r\n\r\n<div><span style=\"font-size:18px\">ร้านอาหารพัทยาแบบเปิดโล่งมองเห็นวิวทะเลบริการอาหารเช้าอาหารไทยจานโปรดของว่างมื้อกลางวันและมื้อเย็น ร้านอาหารเปิดทำการทุกวัน</span></div>\r\n\r\n<div><span style=\"font-size:18px\">เวลาอาหารเช้า: 07.00-10.30 น.<br />\r\nเวลาอาหารกลางวันและอาหารเย็น: 10.30-22.00 น.<br />\r\nHappy Hour สำหรับเครื่องดื่มมีบริการทุกวันสามครั้งที่ร้านอาหาร<br />\r\nเที่ยงถึง 1, 5-7, 21-10 น.</span></div>\r\n</div>\r\n</div>\r\n', '<div>\r\n<div><span style=\"font-size:26px\"><strong>Pattaya Restaurant</strong></span></div>\r\n\r\n<div>&nbsp;</div>\r\n\r\n<div><span style=\"font-size:18px\"><span style=\"font-family:Arial,Helvetica,sans-serif\">Pattaya restaurant, an open-air, breathtaking with ocean view.Serves breakfast, Thai favorites, light meals, snack, lunch and dinner. Restaurant daily operation hours.</span></span></div>\r\n\r\n<div>\r\n<div>&nbsp;</div>\r\n\r\n<div><span style=\"font-size:18px\"><span style=\"font-family:Arial,Helvetica,sans-serif\">Breakfast time&nbsp; &nbsp; &nbsp; &nbsp; &nbsp; &nbsp;:&nbsp;07.00-10.30 hrs.<br />\r\nLunch &amp; Dinner time&nbsp;&nbsp;: 10.30-22.00 hrs.</span></span></div>\r\n\r\n<div><span style=\"font-size:18px\"><span style=\"font-family:Arial,Helvetica,sans-serif\">Our Happy Hour for beverages are available daily three times at the restaurant,<br />\r\nnoon to 1, 5-7, 9-10 pm.</span></span></div>\r\n</div>\r\n</div>\r\n', '<div>\r\n<div><span style=\"font-size:18px\"><span style=\"font-family:Arial,Helvetica,sans-serif\">芭堤雅餐廳</span></span></div>\r\n\r\n<div>\r\n<div>&nbsp;</div>\r\n\r\n<div><span style=\"font-size:18px\"><span style=\"font-family:Arial,Helvetica,sans-serif\">芭堤雅餐廳是一處露天餐廳，可欣賞壯麗的海景。供應早餐，泰國美食，便餐，小吃，午餐和晚餐。 餐廳的每日營業時間。</span></span></div>\r\n\r\n<div><span style=\"font-size:18px\"><span style=\"font-family:Arial,Helvetica,sans-serif\">早餐時間：07.00-10.30 hrs。<br />\r\n午餐和晚餐時間：10.30-22.00小時<br />\r\n我們的餐廳每天有3次提供&ldquo;歡樂時光&rdquo;飲料，<br />\r\n中午至1、5-7、9-10 pm。</span></span></div>\r\n</div>\r\n</div>\r\n', 'pattaya_restaurents1'),
(20, '<div>\r\n<div><strong>Pattaya Restaurant.</strong></div>\r\n\r\n<div>&nbsp;</div>\r\n\r\n<div><span style=\"font-size:22px\">Breakfast time&nbsp; &nbsp; &nbsp; &nbsp; &nbsp; &nbsp; :&nbsp;07.00-10.30 hrs.</span></div>\r\n\r\n<div><span style=\"font-size:22px\">Lunch &amp; Dinner time&nbsp; : 10.30-22.00 hrs.</span></div>\r\n\r\n<div><span style=\"font-size:22px\">Our Happy Hour for beverages are available daily three times at the restaurant,</span></div>\r\n<span style=\"font-size:22px\">noon to 1, 5-7, 9-10 pm.</span>&nbsp;</div>\r\n', '<div>\r\n<div><strong>Pattaya Restaurant.</strong></div>\r\n\r\n<div>&nbsp;</div>\r\n\r\n<div><span style=\"font-size:22px\">Breakfast time&nbsp; &nbsp; &nbsp; &nbsp; &nbsp; &nbsp; :&nbsp;07.00-10.30 hrs.</span></div>\r\n\r\n<div><span style=\"font-size:22px\">Lunch &amp; Dinner time&nbsp; : 10.30-22.00 hrs.</span></div>\r\n\r\n<div><span style=\"font-size:22px\">Our Happy Hour for beverages are available daily three times at the restaurant,</span></div>\r\n<span style=\"font-size:22px\">noon to 1, 5-7, 9-10 pm.</span>&nbsp;</div>\r\n', '<div>\r\n<div><strong>Pattaya Restaurant.</strong></div>\r\n\r\n<div>&nbsp;</div>\r\n\r\n<div><span style=\"font-size:22px\">Breakfast time&nbsp; &nbsp; &nbsp; &nbsp; &nbsp; &nbsp; :&nbsp;07.00-10.30 hrs.</span></div>\r\n\r\n<div><span style=\"font-size:22px\">Lunch &amp; Dinner time&nbsp; : 10.30-22.00 hrs.</span></div>\r\n\r\n<div><span style=\"font-size:22px\">Our Happy Hour for beverages are available daily three times at the restaurant,</span></div>\r\n<span style=\"font-size:22px\">noon to 1, 5-7, 9-10 pm.</span>&nbsp;</div>\r\n', 'pattaya_restaurents2'),
(21, 'IMG_3887.JPG', 'IMG_3927.JPG', '', 'img_pattaya_restaurents'),
(22, '<div><span style=\"font-size:24px\"><strong>ร้านสเต็ก</strong></span><br />\r\n<span style=\"font-size:16px\">สเต็กเฮ้าส์จุดนัดพบพร้อมรสชาติดั้งเดิมที่หลากหลายพร้อมเมนูหลากหลายที่สามารถทานได้ที่นี่ซึ่งตั้งอยู่ที่ปากทางเข้าถนนคนเดินเกาะหลีเป๊ะที่ได้รับการตกแต่งให้แสดงวิถีชีวิตและความสุขของวิถีชีวิตเกาะหลีเป๊ะ และมีบรรยากาศที่เหมือนฝันของหลีเป๊ะ เปิด 11.00 น. ถึง 22.00 น. ตามปกติเมื่อหิวเมื่อแวะมาพวกเขาจะสั่งพิซซ่าสเต็กหรืออะไรซักอย่าง ร้านอาหารแห่งนี้มีอาหารให้เลือกมากมายรวมถึงริบอายเนื้อวัวชั้นดีจากออสเตรเลีย เพื่อเติมเต็มประสบการณ์จับคู่สเต็กเนื้อนุ่มของคุณกับคอลเลกชันของ Old World และไวน์ New World เพื่อให้คุณเลือก</span></div>\r\n', '<div><span style=\"font-size:24px\"><strong>STEAK HOUSE</strong></span></div>\r\n\r\n<div>&nbsp;</div>\r\n\r\n<div><span style=\"font-family:Arial,Helvetica,sans-serif\"><span style=\"font-size:18px\">Steak House, the meeting point with additional original flavors with a variety of menus can be eaten only here that located at the entrance to Koh Lipe Walking Street that is decorated shows the lifestyle and happiness of the Koh Lipe lifestyle It is decorated with island artificial style and has a dreamy atmosphere of Lipe. Open 11.00 am to 10.00 pm as usual when hungry, when stop by, will they order pizza, steak or something? The restaurant boasts a wide selection of cuts, including ribeye, prime fillet from Australia. To complete the experience, pair your succulent steak with a collection of Old World and New World wines for you to choose from.</span></span></div>\r\n', '<div><strong><span style=\"font-size:20px\">牛排屋</span></strong><br />\r\n牛排館是帶有多種原始菜單的其他原始風味的匯合點，僅可在位於裝飾的麗貝島步行街入口處的餐廳用餐，展示了麗貝島的生活方式和幸福生活，採用島嶼人造風格裝飾 並擁有夢幻般的Lipe氛圍。 飢餓時，照常營業，從上午11:00開放至晚上10.00，在路過時，他們會點披薩，牛排或其他東西嗎？ 這家餐廳擁有多種選擇，包括肋眼牛排（Ribeye），澳大利亞的頂級魚片。 為了使您的體驗更加完美，請將您的多汁牛排與一系列舊世界和新世界葡萄酒配對，以供您選擇。</div>\r\n', 'steak_house1'),
(23, '<div><span style=\"font-size:24px\"><strong>STEAK HOUSE</strong></span></div>\r\n\r\n<div>&nbsp;</div>\r\n\r\n<div><span style=\"font-family:Arial,Helvetica,sans-serif\"><span style=\"font-size:18px\">Steak House, the meeting point with additional original flavors with a variety of menus can be eaten only here that located at the entrance to Koh Lipe Walking Street that is decorated shows the lifestyle and happiness of the Koh Lipe lifestyle It is decorated with island artificial style and has a dreamy atmosphere of Lipe. Open 11.00 am to 10.00 pm as usual when hungry, when stop by, will they order pizza, steak or something? The restaurant boasts a wide selection of cuts, including ribeye, prime fillet from Australia. To complete the experience, pair your succulent steak with a collection of Old World and New World wines for you to choose from.</span></span></div>\r\n', '<div><span style=\"font-size:24px\"><strong>STEAK HOUSE</strong></span></div>\r\n\r\n<div>&nbsp;</div>\r\n\r\n<div><span style=\"font-family:Arial,Helvetica,sans-serif\"><span style=\"font-size:18px\">Steak House, the meeting point with additional original flavors with a variety of menus can be eaten only here that located at the entrance to Koh Lipe Walking Street that is decorated shows the lifestyle and happiness of the Koh Lipe lifestyle It is decorated with island artificial style and has a dreamy atmosphere of Lipe. Open 11.00 am to 10.00 pm as usual when hungry, when stop by, will they order pizza, steak or something? The restaurant boasts a wide selection of cuts, including ribeye, prime fillet from Australia. To complete the experience, pair your succulent steak with a collection of Old World and New World wines for you to choose from.</span></span></div>\r\n', '<div><span style=\"font-size:24px\"><strong>STEAK HOUSE</strong></span></div>\r\n\r\n<div>&nbsp;</div>\r\n\r\n<div><span style=\"font-family:Arial,Helvetica,sans-serif\"><span style=\"font-size:18px\">Steak House, the meeting point with additional original flavors with a variety of menus can be eaten only here that located at the entrance to Koh Lipe Walking Street that is decorated shows the lifestyle and happiness of the Koh Lipe lifestyle It is decorated with island artificial style and has a dreamy atmosphere of Lipe. Open 11.00 am to 10.00 pm as usual when hungry, when stop by, will they order pizza, steak or something? The restaurant boasts a wide selection of cuts, including ribeye, prime fillet from Australia. To complete the experience, pair your succulent steak with a collection of Old World and New World wines for you to choose from.</span></span></div>\r\n', 'steak_house2'),
(24, 'steak_house1.jpg', 'steak_house2.jpg', '', 'img_steak_house'),
(25, '<div>\r\n<div><span style=\"font-size:26px\"><strong>Sugoi Teppanyagi Lipe</strong></span></div>\r\n\r\n<div>&nbsp;</div>\r\n\r\n<div><span style=\"font-family:Arial,Helvetica,sans-serif\"><span style=\"font-size:18px\">บรรยากาศสบาย ๆ และวิวชายหาด เมนู Sugoi lipe นำเสนออาหารญี่ปุ่นจานพิเศษที่ปรุงขึ้นอย่างประณีตซึ่งมีส่วนผสมตามฤดูกาล ด้วยเชฟผู้มีความชำนาญที่หางเสือการรับประทานอาหารที่ Sugoi Lipe เป็นความสุขในการทำอาหารโดยมีการเสนอที่เป็นเอกลักษณ์รวมถึงซูชิและซาชิมิเทมปุระเทปันยากิและอื่น ๆ อีกมากมาย อาหารเย็นที่เคาน์เตอร์เทปันยากิเป็นประสบการณ์การรับประทานอาหารที่น่าตื่นเต้น เทปันยากิ ได้แก่ เนื้อวัววากิวอาหารทะเลสดๆและปลา</span></span></div>\r\n</div>\r\n', '<div>\r\n<div><span style=\"font-size:26px\"><strong>Sugoi Teppanyagi Lipe</strong></span></div>\r\n\r\n<div>&nbsp;</div>\r\n\r\n<div><span style=\"font-family:Arial,Helvetica,sans-serif\"><span style=\"font-size:18px\">The cosy setting and views the beach. Sugoi lipe menu presents carefully crafted Japanese specialities that feature seasonal ingredients. With passionate chefs at the helm, dining at Sugoi Lipe is a culinary delight, with signature offerings including a wide selection of sushi and sashimi, tempuras, Teppanyaki, and much more. Dinner at the Teppanyaki counter is an exciting dining experience. Teppanyaki offerings include Wagyu beef, freshly landed seafood and fish.</span></span></div>\r\n</div>\r\n', '<div>\r\n<div><span style=\"font-size:26px\"><strong>Sugoi Teppanyagi Lipe</strong></span></div>\r\n\r\n<div>&nbsp;</div>\r\n\r\n<div><span style=\"font-family:Arial,Helvetica,sans-serif\"><span style=\"font-size:18px\">舒適的環境並享有海灘美景。 Sugoi lipe菜單展示了以時令食材精心烹製的日本特色菜。 Sugoi Lipe擁有熱情洋溢的廚師掌舵，讓您大飽口福，其招牌菜品包括各種壽司和生魚片，天婦羅，鐵板燒等等。 在鐵板燒櫃檯享用晚餐是令人興奮的用餐體驗。 鐵板燒產品包括和牛牛肉，新鮮的海鮮和魚類。</span></span></div>\r\n</div>\r\n', 'sukoi_teppanyaki1'),
(26, '<div>\r\n<div><span style=\"font-size:26px\"><strong>Sugoi Teppanyagi Lipe</strong></span></div>\r\n\r\n<div>&nbsp;</div>\r\n\r\n<div><span style=\"font-family:Arial,Helvetica,sans-serif\"><span style=\"font-size:18px\">The cosy setting and views the beach. Sugoi lipe menu presents carefully crafted Japanese specialities that feature seasonal ingredients. With passionate chefs at the helm, dining at Sugoi Lipe is a culinary delight, with signature offerings including a wide selection of sushi and sashimi, tempuras, Teppanyaki, and much more. Dinner at the Teppanyaki counter is an exciting dining experience. Teppanyaki offerings include Wagyu beef, freshly landed seafood and fish.</span></span></div>\r\n</div>\r\n', '<div>\r\n<div><span style=\"font-size:26px\"><strong>Sugoi Teppanyagi Lipe</strong></span></div>\r\n\r\n<div>&nbsp;</div>\r\n\r\n<div><span style=\"font-family:Arial,Helvetica,sans-serif\"><span style=\"font-size:18px\">The cosy setting and views the beach. Sugoi lipe menu presents carefully crafted Japanese specialities that feature seasonal ingredients. With passionate chefs at the helm, dining at Sugoi Lipe is a culinary delight, with signature offerings including a wide selection of sushi and sashimi, tempuras, Teppanyaki, and much more. Dinner at the Teppanyaki counter is an exciting dining experience. Teppanyaki offerings include Wagyu beef, freshly landed seafood and fish.</span></span></div>\r\n</div>\r\n', '<div>\r\n<div><span style=\"font-size:26px\"><strong>Sugoi Teppanyagi Lipe</strong></span></div>\r\n\r\n<div>&nbsp;</div>\r\n\r\n<div><span style=\"font-family:Arial,Helvetica,sans-serif\"><span style=\"font-size:18px\">The cosy setting and views the beach. Sugoi lipe menu presents carefully crafted Japanese specialities that feature seasonal ingredients. With passionate chefs at the helm, dining at Sugoi Lipe is a culinary delight, with signature offerings including a wide selection of sushi and sashimi, tempuras, Teppanyaki, and much more. Dinner at the Teppanyaki counter is an exciting dining experience. Teppanyaki offerings include Wagyu beef, freshly landed seafood and fish.</span></span></div>\r\n</div>\r\n', 'sukoi_teppanyaki2'),
(27, 'IMG_4458.JPG', 'IMG_4442.JPG', '', 'img_sukoi_teppanyaki'),
(28, 'art2.jpg', 'art1.jpg', '', 'img_sky_bar'),
(29, '<div>ภาษาไทย</div>\r\n', '<div>ภาษาอังกฤษ</div>\r\n', 'ภาษาจีน', 'sky_bar1'),
(30, '', '', '', 'sky_bar2'),
(31, 'art2.jpg', 'art2.jpg', '', 'img_lagoon_bar'),
(32, '<div>\r\n<div>ข้อความเกี่ยวกับ lagoon bar ภาษาไทย</div>\r\n</div>\r\n', '<div>\r\n<div>ข้อความเกี่ยวกับ lagoon bar ภาษาอังกฤษ</div>\r\n</div>\r\n', '<div>\r\n<div>ข้อความเกี่ยวกับ lagoon bar ภาษาจีน</div>\r\n</div>\r\n', 'lagoon_bar1'),
(33, '', '', '', 'lagoon_bar2'),
(34, 'shine_bar1.jpg', 'shine_bar2.jpg', '', 'img_shine_bar'),
(35, '<div><span style=\"font-size:24px\"><strong>SHINE BAR</strong></span></div>\r\n\r\n<div>&nbsp;</div>\r\n\r\n<div><span style=\"font-family:Arial,Helvetica,sans-serif\"><span style=\"font-size:18px\">Shine Bar อาหารที่น่าตื่นตาตื่นใจเครื่องดื่มและวิวที่ยอดเยี่ยมของเกาะหลีเป๊ะ Shine Bar เป็นบาร์พระอาทิตย์ตกที่มีชื่อเสียงในด้านความเย็นและบรรยากาศที่ไร้กังวล นั่งลงบนหลังคาของสเต็กเฮ้าส์ มันเป็นสิ่งที่คุณกำลังมองหา: สถานที่ท้องถิ่นราคาไม่แพงซึ่งคุณสามารถผ่อนคลายในขณะที่ดูพระอาทิตย์ลับขอบฟ้าในทะเลอันดามัน เมนูของเย็นและเก๋ไก๋พร้อมค็อกเทลคลาสสิกรวมทั้งค็อกเทลอันเป็นเอกลักษณ์ในราคาที่สมเหตุสมผล</span></span></div>\r\n', '<div><span style=\"font-size:24px\"><strong>SHINE BAR</strong></span></div>\r\n\r\n<div>&nbsp;</div>\r\n\r\n<div><span style=\"font-family:Arial,Helvetica,sans-serif\"><span style=\"font-size:18px\">Shine Bar, the amazing food, drinks &amp; great view of Lipe Island. Shine Bar is the kind of the sunset bar reputation for coolness and a worry-free atmosphere. Settled right on the roof of Steak House. It is the exactly what you are looking for: an affordable local venue at which you can unwind while watching the sun disappears behind the horizon on the Andaman Sea. The menu of this cool and chic with classic cocktails as well as their signature cocktails all just reasonable prices.</span></span></div>\r\n', '<div><span style=\"font-size:24px\"><strong>SHINE BAR</strong></span></div>\r\n\r\n<div>&nbsp;</div>\r\n\r\n<div><span style=\"font-family:Arial,Helvetica,sans-serif\"><span style=\"font-size:18px\">Shine Bar酒吧，美味的食物，飲料和利普島（Lipe Island）的美景。 Shine Bar是日落酒吧的一種，以涼爽和無憂的氛圍而著稱。 安置在牛排館的屋頂上。 這正是您所需要的：負擔得起的本地場所，您可以在這裡放鬆身心，同時看著太陽消失在安達曼海的地平線後面。 這款清涼別緻的菜單包括經典雞尾酒以及招牌雞尾酒，價格合理。</span></span></div>\r\n', 'shine_bar1'),
(36, '<div>\r\n<div><strong>SHINE BAR</strong></div>\r\n\r\n<div>&nbsp;</div>\r\n\r\n<div>Shine Bar, the amazing food, drinks &amp; great view of Lipe Island. Shine Bar is the kind of the sunset bar reputation for coolness and a worry-free atmosphere. Settled right on the roof of Steak House. It is the exactly what you are looking for: an affordable local venue at which you can unwind while watching the sun disappears behind the horizon on the Andaman Sea. The menu of this cool and chic with classic cocktails as well as their signature cocktails all just reasonable prices.</div>\r\n</div>\r\n', '<div>\r\n<div><strong>SHINE BAR</strong></div>\r\n\r\n<div>&nbsp;</div>\r\n\r\n<div>Shine Bar, the amazing food, drinks &amp; great view of Lipe Island. Shine Bar is the kind of the sunset bar reputation for coolness and a worry-free atmosphere. Settled right on the roof of Steak House. It is the exactly what you are looking for: an affordable local venue at which you can unwind while watching the sun disappears behind the horizon on the Andaman Sea. The menu of this cool and chic with classic cocktails as well as their signature cocktails all just reasonable prices.</div>\r\n</div>\r\n', '<div>\r\n<div><strong>SHINE BAR</strong></div>\r\n\r\n<div>&nbsp;</div>\r\n\r\n<div>Shine Bar, the amazing food, drinks &amp; great view of Lipe Island. Shine Bar is the kind of the sunset bar reputation for coolness and a worry-free atmosphere. Settled right on the roof of Steak House. It is the exactly what you are looking for: an affordable local venue at which you can unwind while watching the sun disappears behind the horizon on the Andaman Sea. The menu of this cool and chic with classic cocktails as well as their signature cocktails all just reasonable prices.</div>\r\n</div>\r\n', 'shine_bar2'),
(37, '20171210153706.jpg', '20171210153706.jpg', '', 'img_wedding_styles'),
(38, '<div>\r\n<h3><strong>Wedding Styles</strong></h3>\r\n\r\n<p><span style=\"font-size:22px\">งานแต่งงานที่เกินความเปรียบ จินตนาการที่สร้างขึ้นจากส่วนลึกของจินตนาการของคุณ</span></p>\r\n</div>\r\n', '<div>\r\n<h3><strong>Wedding Styles</strong></h3>\r\n\r\n<p><span style=\"font-size:22px\">A wedding beyond compare. A fantasy created from the depths of your imagination</span></p>\r\n</div>\r\n', '<div>\r\n<h3><strong>Wedding Styles</strong></h3>\r\n\r\n<p><span style=\"font-size:22px\">一場無與倫比的婚禮。 從您的想像深處創造的幻想</span></p>\r\n</div>\r\n', 'wedding_styles1'),
(39, 'wedding_styles', 'wedding_styles', '', 'wedding_styles2'),
(40, '99.jpg', '99.jpg', '99.jpg', 'img_private_candle_light'),
(41, '<div>private_candle_light&nbsp;ภาษาไทย</div>\r\n', '<div>private_candle_light&nbsp;ภาษาอังกฤษ</div>\r\n', '<div>private_candle_light&nbsp;&nbsp;ภาษาจีน</div>\r\n', 'private_candle_light1'),
(42, 'private_candle_light', 'private_candle_light', '', 'private_candle_light2'),
(43, '44.jpg', '44.jpg', '', 'img_location'),
(44, '<div><span style=\"font-size:24px\"><strong>location</strong></span></div>\r\n\r\n<div><span style=\"font-size:14px\">Ananya Lipe Beach Resort is located in Koh Lipe on the popular pattaya beach, also close to walking street, convinences store, and local restaurants. Again the stunning sunsnet view point of Koh Lipe is only a few minutes away.2</span></div>\r\n', '<div><span style=\"font-size:24px\"><strong>location</strong></span></div>\r\n\r\n<div><span style=\"font-size:14px\">Ananya Lipe Beach Resort is located in Koh Lipe on the popular pattaya beach, also close to walking street, convinences store, and local restaurants. Again the stunning sunsnet view point of Koh Lipe is only a few minutes away.2</span></div>\r\n', '<div><span style=\"font-size:24px\"><strong>location</strong></span></div>\r\n\r\n<div><span style=\"font-size:14px\">Ananya Lipe Beach Resort is located in Koh Lipe on the popular pattaya beach, also close to walking street, convinences store, and local restaurants. Again the stunning sunsnet view point of Koh Lipe is only a few minutes away.2</span></div>\r\n', 'location'),
(45, '20190704_๑๙๐๗๒๔_0018.jpg', '20171210153706.jpg', '', 'img_excursions'),
(46, '<div><span style=\"font-size:26px\"><strong>excursions</strong></span></div>\r\n', '<div><span style=\"font-size:26px\"><strong>excursions</strong></span></div>\r\n', '<div><span style=\"font-size:26px\"><strong>excursions</strong></span></div>\r\n', 'excursions1'),
(47, '<div><span style=\"font-size:26px\"><strong>excursions</strong></span></div>\r\n', '<div><span style=\"font-size:26px\"><strong>excursions</strong></span></div>\r\n', '<div><span style=\"font-size:26px\"><strong>excursions</strong></span></div>\r\n', 'excursions2'),
(48, '20171210153706.jpg', '20171210153706.jpg', '', 'img_fitness_center'),
(49, '<div>\r\n<h1><strong>Fitness center</strong></h1>\r\n</div>\r\n', '<div>\r\n<h1><strong>Fitness center</strong></h1>\r\n</div>\r\n', '<div>\r\n<h1><strong>Fitness center</strong></h1>\r\n</div>\r\n', 'fitness_center1'),
(50, '', '', '', 'fitness_center2'),
(51, '20171210153706.jpg', '20171210153706.jpg', '', 'img_thai_massage'),
(52, '<div>thai_massage2</div>\r\n', '<div>thai_massage2</div>\r\n', '<div>thai_massage2</div>\r\n', 'thai_massage1'),
(53, '<div>thai_massage</div>\r\n', '<div>thai_massage</div>\r\n', '<div>thai_massage</div>\r\n', 'thai_massage2'),
(54, '20171210153706.jpg', '20171210153706.jpg', '', 'img_kid_club'),
(55, '<div>kid_club</div>\r\n', '<div>kid_club</div>\r\n', '<div>kid_club</div>\r\n', 'kid_club1'),
(56, '<div>kid_club</div>\r\n', '<div>kid_club</div>\r\n', '<div>kid_club</div>\r\n', 'kid_club2'),
(57, '20171210153706.jpg', '20171210153706.jpg', '', 'img_beach_activity_center'),
(58, '<div>beach_activity_center</div>\r\n', '<div>beach_activity_center</div>\r\n', '<div>beach_activity_center</div>\r\n', 'beach_activity_center1'),
(59, '<div>beach_activity_center</div>\r\n', '<div>beach_activity_center</div>\r\n', '<div>beach_activity_center</div>\r\n', 'beach_activity_center2'),
(60, '20171210153706.jpg', '20171210153706.jpg', '', 'img_yoga'),
(61, '<div>yoga</div>\r\n', '<div>yoga</div>\r\n', '<div>yoga</div>\r\n', 'yoga1'),
(62, '<div>yoga</div>\r\n', '<div>yoga</div>\r\n', '<div>yoga</div>\r\n', 'yoga2'),
(63, '20171210153706.jpg', '20171210153706.jpg', '', 'img_Merit_making_to_the_monks'),
(64, '<div>Merit_making_to_the_monks</div>\r\n', '<div>Merit_making_to_the_monks</div>\r\n', '<div>Merit_making_to_the_monks</div>\r\n', 'Merit_making_to_the_monks1'),
(65, '<div>Merit_making_to_the_monks</div>\r\n', '<div>Merit_making_to_the_monks</div>\r\n', '<div>Merit_making_to_the_monks</div>\r\n', 'Merit_making_to_the_monks2'),
(66, '20171210153706.jpg', '20171210153706.jpg', '', 'img_Thai_cookery_class'),
(67, '<div>\r\n<div>Thai cookery class</div>\r\n</div>\r\n', '<div>\r\n<div>Thai cookery class</div>\r\n</div>\r\n', '<div>\r\n<div>Thai cookery class</div>\r\n</div>\r\n', 'Thai_cookery_class1'),
(68, '<div>\r\n<div>Thai cookery class</div>\r\n</div>\r\n', '<div>\r\n<div>Thai cookery class</div>\r\n</div>\r\n', '<div>\r\n<div>Thai cookery class</div>\r\n</div>\r\n', 'Thai_cookery_class2');

-- --------------------------------------------------------

--
-- Table structure for table `gallery360`
--

CREATE TABLE `gallery360` (
  `ID_360` int(10) NOT NULL,
  `ID_room` int(10) NOT NULL,
  `link` varchar(50) NOT NULL,
  `status` int(2) NOT NULL
) ENGINE=InnoDB DEFAULT CHARSET=utf8;

--
-- Dumping data for table `gallery360`
--

INSERT INTO `gallery360` (`ID_360`, `ID_room`, `link`, `status`) VALUES
(1, 1, 'SAM_100_0081.JPG', 1),
(2, 2, 'SAM_100_0101.jpg', 1),
(3, 3, 'SAM_100_0103.jpg', 1),
(4, 4, 'SAM_100_0105.jpg', 1),
(5, 5, 'SAM_100_0106.jpg', 1),
(14, 21, 'SAM_100_0098.jpg', 1),
(15, 24, 'SAM_100_0103.jpg', 1);

-- --------------------------------------------------------

--
-- Table structure for table `img_room`
--

CREATE TABLE `img_room` (
  `ID_imgroom` int(11) NOT NULL,
  `ID_room` int(1) UNSIGNED NOT NULL DEFAULT '0',
  `link` varchar(200) CHARACTER SET utf8 COLLATE utf8_bin NOT NULL,
  `status` int(1) NOT NULL,
  `room_detail` varchar(100) NOT NULL
) ENGINE=InnoDB DEFAULT CHARSET=utf8;

--
-- Dumping data for table `img_room`
--

INSERT INTO `img_room` (`ID_imgroom`, `ID_room`, `link`, `status`, `room_detail`) VALUES
(12, 5, 'DSC_7393.jpg', 1, ''),
(13, 5, 'DSC_7375.jpg', 1, ''),
(20, 1002, 'steak_house2.jpg', 1, ''),
(26, 5, 'DSC_7388.jpg', 1, ''),
(27, 5, 'DSC_7395.jpg', 1, ''),
(28, 5, 'DSC_7413.jpg', 1, ''),
(29, 887, 'J_CH1297.jpg', 1, ''),
(30, 887, 'Ananya bird eyes view.jpg', 1, ''),
(41, 1002, '52561503_2190247321033879_3423176230122291200_o.jpg', 1, ''),
(42, 2007, 'IMG_3241.JPG', 1, ''),
(43, 2007, 'IMG_3242.JPG', 1, ''),
(44, 2007, 'IMG_3264.JPG', 1, ''),
(61, 2005, '111.jpg', 1, ''),
(62, 2005, '112.jpg', 1, ''),
(63, 2005, '113.jpg', 1, ''),
(64, 2005, '114.jpg', 1, ''),
(66, 887, '20190911_190912_0004.jpg', 1, ''),
(67, 887, '20190911_190912_0003.jpg', 1, ''),
(69, 5, '20190911_190912_0002.jpg', 1, ''),
(73, 1001, 'DSC_1947.jpg', 1, ''),
(74, 1001, 'DSC_1956.jpg', 1, ''),
(75, 1001, 'DSC_1960.jpg', 1, ''),
(76, 1001, 'DSC_1992.jpg', 1, ''),
(77, 1001, 'DSC_1995.jpg', 1, ''),
(79, 1001, 'DSC_2006.jpg', 1, ''),
(80, 1000, 'Artbeach001.jpg', 1, ''),
(81, 2000, 'excursion1.jpg', 1, ''),
(82, 2000, 'excursion2.jpg', 1, ''),
(83, 2000, 'excursion3.jpg', 1, ''),
(84, 2000, 'excursion4.jpg', 1, ''),
(85, 2000, 'excursion5.jpg', 1, ''),
(86, 2004, 'beachactivity1.jpg', 1, ''),
(87, 2004, 'beachactivity2.jpg', 1, ''),
(88, 2004, 'beachactivity3.jpeg', 1, ''),
(89, 2004, 'beachactivity4.jpg', 1, ''),
(94, 4, 'DeluxePanoramicview01.jpg', 1, ''),
(95, 4, 'DeluxePanoramicview05.jpg', 1, ''),
(96, 4, 'DeluxePanoramicview04.jpg', 1, ''),
(97, 4, 'poolview02.jpg', 1, ''),
(98, 4, 'Ananyanightligth4.jpg', 1, ''),
(99, 4, 'DeluxePanoramicview03.jpg', 1, ''),
(105, 1006, 'ShineBar2.jpg', 1, ''),
(106, 1006, 'ShineBar3.jpg', 1, ''),
(107, 1006, 'ShineBar4.jpg', 1, ''),
(108, 1006, 'ShineBar1.jpg', 1, ''),
(110, 1000, 'pool1.jpg', 1, ''),
(111, 1000, 'art2.jpg', 1, ''),
(112, 1000, 'art3.jpg', 1, ''),
(116, 3001, '1.jpg', 1, ''),
(117, 3001, '10.jpg', 1, ''),
(118, 3001, '41.jpg', 1, ''),
(119, 3001, '59.jpg', 1, ''),
(120, 3001, '92.jpg', 1, ''),
(122, 1002, 'steak2.jpg', 1, ''),
(123, 1002, 'steak3.jpg', 1, ''),
(124, 1003, 'sugoi1.jpg', 1, ''),
(127, 1003, 'sugoi4.jpg', 1, ''),
(128, 1003, 'sugoi2.jpg', 1, ''),
(130, 1003, 'sugoi5.jpg', 1, ''),
(134, 1003, 'sugoi7.jpg', 1, ''),
(136, 1004, 'skybar3.jpg', 1, ''),
(137, 1004, 'skybar4.jpg', 1, ''),
(138, 1004, 'skybar1.jpg', 1, ''),
(139, 1004, 'skybar2.jpg', 1, '');

-- --------------------------------------------------------

--
-- Table structure for table `line_account`
--

CREATE TABLE `line_account` (
  `id` int(11) NOT NULL,
  `name` varchar(30) NOT NULL,
  `token` text NOT NULL,
  `api_path` text NOT NULL,
  `status` int(11) NOT NULL
) ENGINE=MyISAM DEFAULT CHARSET=utf8;

--
-- Dumping data for table `line_account`
--

INSERT INTO `line_account` (`id`, `name`, `token`, `api_path`, `status`) VALUES
(1, 'Akira', '', '', 0),
(2, 'Ananya', '', '', 0);

-- --------------------------------------------------------

--
-- Table structure for table `package`
--

CREATE TABLE `package` (
  `id_package` int(5) NOT NULL,
  `name_package` varchar(100) NOT NULL,
  `det_package` longtext NOT NULL,
  `img_package` varchar(100) NOT NULL,
  `sta_package` int(5) NOT NULL,
  `pri_package` int(10) NOT NULL
) ENGINE=InnoDB DEFAULT CHARSET=utf8;

-- --------------------------------------------------------

--
-- Table structure for table `priceroom`
--

CREATE TABLE `priceroom` (
  `id_priceroom` int(11) NOT NULL,
  `date_start` date NOT NULL,
  `ID_room` int(2) NOT NULL,
  `price_room` int(5) NOT NULL
) ENGINE=InnoDB DEFAULT CHARSET=utf8;

--
-- Dumping data for table `priceroom`
--

INSERT INTO `priceroom` (`id_priceroom`, `date_start`, `ID_room`, `price_room`) VALUES
(1, '2019-11-01', 4, 6950),
(2, '2019-11-02', 4, 6950),
(3, '2019-11-03', 4, 6950),
(4, '2019-11-04', 4, 6950),
(5, '2019-11-05', 4, 6950),
(6, '2019-11-06', 4, 6950),
(7, '2019-11-07', 4, 6950),
(8, '2019-11-08', 4, 6950),
(9, '2019-11-09', 4, 6950),
(10, '2019-11-10', 4, 6950),
(11, '2019-11-11', 4, 6950),
(12, '2019-11-12', 4, 6950),
(13, '2019-11-13', 4, 6950),
(14, '2019-11-14', 4, 6950),
(15, '2019-11-15', 4, 6950),
(16, '2019-11-16', 4, 6950),
(17, '2019-11-17', 4, 6950),
(18, '2019-11-18', 4, 6950),
(19, '2019-11-19', 4, 6950),
(20, '2019-11-20', 4, 6950),
(21, '2019-11-21', 4, 6950),
(22, '2019-11-22', 4, 6950),
(23, '2019-11-23', 4, 6950),
(24, '2019-11-24', 4, 6950),
(25, '2019-11-25', 4, 6950),
(26, '2019-11-26', 4, 6950),
(27, '2019-11-27', 4, 6950),
(28, '2019-11-28', 4, 6950),
(29, '2019-11-29', 4, 6950),
(30, '2019-11-30', 4, 6950),
(31, '2019-11-01', 5, 7950),
(32, '2019-11-02', 5, 7950),
(33, '2019-11-03', 5, 7950),
(34, '2019-11-04', 5, 7950),
(35, '2019-11-05', 5, 7950),
(36, '2019-11-06', 5, 7950),
(37, '2019-11-07', 5, 7950),
(38, '2019-11-08', 5, 7950),
(39, '2019-11-09', 5, 7950),
(40, '2019-11-10', 5, 7950),
(41, '2019-11-11', 5, 7950),
(42, '2019-11-12', 5, 7950),
(43, '2019-11-13', 5, 7950),
(44, '2019-11-14', 5, 7950),
(45, '2019-11-15', 5, 7950),
(46, '2019-11-16', 5, 7950),
(47, '2019-11-17', 5, 7950),
(48, '2019-11-18', 5, 7950),
(49, '2019-11-19', 5, 7950),
(50, '2019-11-20', 5, 7950),
(51, '2019-11-21', 5, 7950),
(52, '2019-11-22', 5, 7950),
(53, '2019-11-23', 5, 7950),
(54, '2019-11-24', 5, 7950),
(55, '2019-11-25', 5, 7950),
(56, '2019-11-26', 5, 7950),
(57, '2019-11-27', 5, 7950),
(58, '2019-11-28', 5, 7950),
(59, '2019-11-29', 5, 7950),
(60, '2019-11-30', 5, 7950),
(61, '2019-11-01', 6, 12950),
(62, '2019-11-02', 6, 12950),
(63, '2019-11-03', 6, 12950),
(64, '2019-11-04', 6, 12950),
(65, '2019-11-05', 6, 12950),
(66, '2019-11-06', 6, 12950),
(67, '2019-11-07', 6, 12950),
(68, '2019-11-08', 6, 12950),
(69, '2019-11-09', 6, 12950),
(70, '2019-11-10', 6, 12950),
(71, '2019-11-11', 6, 12950),
(72, '2019-11-12', 6, 12950),
(73, '2019-11-13', 6, 12950),
(74, '2019-11-14', 6, 12950),
(75, '2019-11-15', 6, 12950),
(76, '2019-11-16', 6, 12950),
(77, '2019-11-17', 6, 12950),
(78, '2019-11-18', 6, 12950),
(79, '2019-11-19', 6, 12950),
(80, '2019-11-20', 6, 12950),
(81, '2019-11-21', 6, 12950),
(82, '2019-11-22', 6, 12950),
(83, '2019-11-23', 6, 12950),
(84, '2019-11-24', 6, 12950),
(85, '2019-11-25', 6, 12950),
(86, '2019-11-26', 6, 12950),
(87, '2019-11-27', 6, 12950),
(88, '2019-11-28', 6, 12950),
(89, '2019-11-29', 6, 12950),
(90, '2019-11-30', 6, 12950),
(91, '2019-11-01', 7, 13950),
(92, '2019-11-02', 7, 13950),
(93, '2019-11-03', 7, 13950),
(94, '2019-11-04', 7, 13950),
(95, '2019-11-05', 7, 13950),
(96, '2019-11-06', 7, 13950),
(97, '2019-11-07', 7, 13950),
(98, '2019-11-08', 7, 13950),
(99, '2019-11-09', 7, 13950),
(100, '2019-11-10', 7, 13950),
(101, '2019-11-11', 7, 13950),
(102, '2019-11-12', 7, 13950),
(103, '2019-11-13', 7, 13950),
(104, '2019-11-14', 7, 13950),
(105, '2019-11-15', 7, 13950),
(106, '2019-11-16', 7, 13950),
(107, '2019-11-17', 7, 13950),
(108, '2019-11-18', 7, 13950),
(109, '2019-11-19', 7, 13950),
(110, '2019-11-20', 7, 13950),
(111, '2019-11-21', 7, 13950),
(112, '2019-11-22', 7, 13950),
(113, '2019-11-23', 7, 13950),
(114, '2019-11-24', 7, 13950),
(115, '2019-11-25', 7, 13950),
(116, '2019-11-26', 7, 13950),
(117, '2019-11-27', 7, 13950),
(118, '2019-11-28', 7, 13950),
(119, '2019-11-29', 7, 13950),
(120, '2019-11-30', 7, 13950),
(121, '2019-11-01', 8, 15950),
(122, '2019-11-02', 8, 15950),
(123, '2019-11-03', 8, 15950),
(124, '2019-11-04', 8, 15950),
(125, '2019-11-05', 8, 15950),
(126, '2019-11-06', 8, 15950),
(127, '2019-11-07', 8, 15950),
(128, '2019-11-08', 8, 15950),
(129, '2019-11-09', 8, 15950),
(130, '2019-11-10', 8, 15950),
(131, '2019-11-11', 8, 15950),
(132, '2019-11-12', 8, 15950),
(133, '2019-11-13', 8, 15950),
(134, '2019-11-14', 8, 15950),
(135, '2019-11-15', 8, 15950),
(136, '2019-11-16', 8, 15950),
(137, '2019-11-17', 8, 15950),
(138, '2019-11-18', 8, 15950),
(139, '2019-11-19', 8, 15950),
(140, '2019-11-20', 8, 15950),
(141, '2019-11-21', 8, 15950),
(142, '2019-11-22', 8, 15950),
(143, '2019-11-23', 8, 15950),
(144, '2019-11-24', 8, 15950),
(145, '2019-11-25', 8, 15950),
(146, '2019-11-26', 8, 15950),
(147, '2019-11-27', 8, 15950),
(148, '2019-11-28', 8, 15950),
(149, '2019-11-29', 8, 15950),
(150, '2019-11-30', 8, 15950),
(151, '2019-11-01', 9, 14950),
(152, '2019-11-02', 9, 14950),
(153, '2019-11-03', 9, 14950),
(154, '2019-11-04', 9, 14950),
(155, '2019-11-05', 9, 14950),
(156, '2019-11-06', 9, 14950),
(157, '2019-11-07', 9, 14950),
(158, '2019-11-08', 9, 14950),
(159, '2019-11-09', 9, 14950),
(160, '2019-11-10', 9, 14950),
(161, '2019-11-11', 9, 14950),
(162, '2019-11-12', 9, 14950),
(163, '2019-11-13', 9, 14950),
(164, '2019-11-14', 9, 14950),
(165, '2019-11-15', 9, 14950),
(166, '2019-11-16', 9, 14950),
(167, '2019-11-17', 9, 14950),
(168, '2019-11-18', 9, 14950),
(169, '2019-11-19', 9, 14950),
(170, '2019-11-20', 9, 14950),
(171, '2019-11-21', 9, 14950),
(172, '2019-11-22', 9, 14950),
(173, '2019-11-23', 9, 14950),
(174, '2019-11-24', 9, 14950),
(175, '2019-11-25', 9, 14950),
(176, '2019-11-26', 9, 14950),
(177, '2019-11-27', 9, 14950),
(178, '2019-11-28', 9, 14950),
(179, '2019-11-29', 9, 14950),
(180, '2019-11-30', 9, 14950),
(181, '2019-11-01', 10, 22950),
(182, '2019-11-02', 10, 22950),
(183, '2019-11-03', 10, 22950),
(184, '2019-11-04', 10, 22950),
(185, '2019-11-05', 10, 22950),
(186, '2019-11-06', 10, 22950),
(187, '2019-11-07', 10, 22950),
(188, '2019-11-08', 10, 22950),
(189, '2019-11-09', 10, 22950),
(190, '2019-11-10', 10, 22950),
(191, '2019-11-11', 10, 22950),
(192, '2019-11-12', 10, 22950),
(193, '2019-11-13', 10, 22950),
(194, '2019-11-14', 10, 22950),
(195, '2019-11-15', 10, 22950),
(196, '2019-11-16', 10, 22950),
(197, '2019-11-17', 10, 22950),
(198, '2019-11-18', 10, 22950),
(199, '2019-11-19', 10, 22950),
(200, '2019-11-20', 10, 22950),
(201, '2019-11-21', 10, 22950),
(202, '2019-11-22', 10, 22950),
(203, '2019-11-23', 10, 22950),
(204, '2019-11-24', 10, 22950),
(205, '2019-11-25', 10, 22950),
(206, '2019-11-26', 10, 22950),
(207, '2019-11-27', 10, 22950),
(208, '2019-11-28', 10, 22950),
(209, '2019-11-29', 10, 22950),
(210, '2019-11-30', 10, 22950),
(216, '2019-12-06', 4, 6950),
(217, '2019-12-07', 4, 6950),
(218, '2019-12-08', 4, 6950),
(219, '2019-12-09', 4, 6950),
(220, '2019-12-10', 4, 6950),
(221, '2019-12-11', 4, 6950),
(222, '2019-12-12', 4, 6950),
(223, '2019-12-13', 4, 6950),
(224, '2019-12-14', 4, 6950),
(225, '2019-12-15', 4, 6950),
(226, '2019-12-16', 4, 6950),
(227, '2019-12-17', 4, 6950),
(228, '2019-12-18', 4, 6950),
(229, '2019-12-19', 4, 6950),
(230, '2019-12-20', 4, 6950),
(231, '2019-12-01', 5, 7950),
(232, '2019-12-02', 5, 7950),
(233, '2019-12-03', 5, 7950),
(234, '2019-12-04', 5, 7950),
(235, '2019-12-05', 5, 7950),
(236, '2019-12-06', 5, 7950),
(237, '2019-12-07', 5, 7950),
(238, '2019-12-08', 5, 7950),
(239, '2019-12-09', 5, 7950),
(240, '2019-12-10', 5, 7950),
(241, '2019-12-11', 5, 7950),
(242, '2019-12-12', 5, 7950),
(243, '2019-12-13', 5, 7950),
(244, '2019-12-14', 5, 7950),
(245, '2019-12-15', 5, 7950),
(246, '2019-12-16', 5, 7950),
(247, '2019-12-17', 5, 7950),
(248, '2019-12-18', 5, 7950),
(249, '2019-12-19', 5, 7950),
(250, '2019-12-20', 5, 7950),
(251, '2019-12-01', 6, 12950),
(252, '2019-12-02', 6, 12950),
(253, '2019-12-03', 6, 12950),
(254, '2019-12-04', 6, 12950),
(255, '2019-12-05', 6, 12950),
(256, '2019-12-06', 6, 12950),
(257, '2019-12-07', 6, 12950),
(258, '2019-12-08', 6, 12950),
(259, '2019-12-09', 6, 12950),
(260, '2019-12-10', 6, 12950),
(261, '2019-12-11', 6, 12950),
(262, '2019-12-12', 6, 12950),
(263, '2019-12-13', 6, 12950),
(264, '2019-12-14', 6, 12950),
(265, '2019-12-15', 6, 12950),
(266, '2019-12-16', 6, 12950),
(267, '2019-12-17', 6, 12950),
(268, '2019-12-18', 6, 12950),
(269, '2019-12-19', 6, 12950),
(270, '2019-12-20', 6, 12950),
(271, '2019-12-01', 7, 13950),
(272, '2019-12-02', 7, 13950),
(273, '2019-12-03', 7, 13950),
(274, '2019-12-04', 7, 13950),
(275, '2019-12-05', 7, 13950),
(276, '2019-12-06', 7, 13950),
(277, '2019-12-07', 7, 13950),
(278, '2019-12-08', 7, 13950),
(279, '2019-12-09', 7, 13950),
(280, '2019-12-10', 7, 13950),
(281, '2019-12-11', 7, 13950),
(282, '2019-12-12', 7, 13950),
(283, '2019-12-13', 7, 13950),
(284, '2019-12-14', 7, 13950),
(285, '2019-12-15', 7, 13950),
(286, '2019-12-16', 7, 13950),
(287, '2019-12-17', 7, 13950),
(288, '2019-12-18', 7, 13950),
(289, '2019-12-19', 7, 13950),
(290, '2019-12-20', 7, 13950),
(291, '2019-12-01', 8, 15950),
(292, '2019-12-02', 8, 15950),
(293, '2019-12-03', 8, 15950),
(294, '2019-12-04', 8, 15950),
(295, '2019-12-05', 8, 15950),
(296, '2019-12-06', 8, 15950),
(297, '2019-12-07', 8, 15950),
(298, '2019-12-08', 8, 15950),
(299, '2019-12-09', 8, 15950),
(300, '2019-12-10', 8, 15950),
(301, '2019-12-11', 8, 15950),
(302, '2019-12-12', 8, 15950),
(303, '2019-12-13', 8, 15950),
(304, '2019-12-14', 8, 15950),
(305, '2019-12-15', 8, 15950),
(306, '2019-12-16', 8, 15950),
(307, '2019-12-17', 8, 15950),
(308, '2019-12-18', 8, 15950),
(309, '2019-12-19', 8, 15950),
(310, '2019-12-20', 8, 15950),
(311, '2019-12-01', 9, 14950),
(312, '2019-12-02', 9, 14950),
(313, '2019-12-03', 9, 14950),
(314, '2019-12-04', 9, 14950),
(315, '2019-12-05', 9, 14950),
(316, '2019-12-06', 9, 14950),
(317, '2019-12-07', 9, 14950),
(318, '2019-12-08', 9, 14950),
(319, '2019-12-09', 9, 14950),
(320, '2019-12-10', 9, 14950),
(321, '2019-12-11', 9, 14950),
(322, '2019-12-12', 9, 14950),
(323, '2019-12-13', 9, 14950),
(324, '2019-12-14', 9, 14950),
(325, '2019-12-15', 9, 14950),
(326, '2019-12-16', 9, 14950),
(327, '2019-12-17', 9, 14950),
(328, '2019-12-18', 9, 14950),
(329, '2019-12-19', 9, 14950),
(330, '2019-12-20', 9, 14950),
(331, '2019-12-01', 10, 22950),
(332, '2019-12-02', 10, 22950),
(333, '2019-12-03', 10, 22950),
(334, '2019-12-04', 10, 22950),
(335, '2019-12-05', 10, 22950),
(336, '2019-12-06', 10, 22950),
(337, '2019-12-07', 10, 22950),
(338, '2019-12-08', 10, 22950),
(339, '2019-12-09', 10, 22950),
(340, '2019-12-10', 10, 22950),
(341, '2019-12-11', 10, 22950),
(342, '2019-12-12', 10, 22950),
(343, '2019-12-13', 10, 22950),
(344, '2019-12-14', 10, 22950),
(345, '2019-12-15', 10, 22950),
(346, '2019-12-16', 10, 22950),
(347, '2019-12-17', 10, 22950),
(348, '2019-12-18', 10, 22950),
(349, '2019-12-19', 10, 22950),
(350, '2019-12-20', 10, 22950),
(351, '2019-12-21', 4, 8950),
(352, '2019-12-22', 4, 8950),
(353, '2019-12-23', 4, 8950),
(354, '2019-12-24', 4, 8950),
(355, '2019-12-25', 4, 8950),
(356, '2019-12-26', 4, 8950),
(357, '2019-12-27', 4, 8950),
(358, '2019-12-28', 4, 8950),
(359, '2019-12-29', 4, 8950),
(360, '2019-12-30', 4, 8950),
(361, '2019-12-31', 4, 8950),
(362, '2019-12-21', 5, 9950),
(363, '2019-12-22', 5, 9950),
(364, '2019-12-23', 5, 9950),
(365, '2019-12-24', 5, 9950),
(366, '2019-12-25', 5, 9950),
(367, '2019-12-26', 5, 9950),
(368, '2019-12-27', 5, 9950),
(369, '2019-12-28', 5, 9950),
(370, '2019-12-29', 5, 9950),
(371, '2019-12-30', 5, 9950),
(372, '2019-12-31', 5, 9950),
(373, '2019-12-21', 6, 14950),
(374, '2019-12-22', 6, 14950),
(375, '2019-12-23', 6, 14950),
(376, '2019-12-24', 6, 14950),
(377, '2019-12-25', 6, 14950),
(378, '2019-12-26', 6, 14950),
(379, '2019-12-27', 6, 14950),
(380, '2019-12-28', 6, 14950),
(381, '2019-12-29', 6, 14950),
(382, '2019-12-30', 6, 14950),
(383, '2019-12-31', 6, 14950),
(384, '2019-12-21', 7, 15950),
(385, '2019-12-22', 7, 15950),
(386, '2019-12-23', 7, 15950),
(387, '2019-12-24', 7, 15950),
(388, '2019-12-25', 7, 15950),
(389, '2019-12-26', 7, 15950),
(390, '2019-12-27', 7, 15950),
(391, '2019-12-28', 7, 15950),
(392, '2019-12-29', 7, 15950),
(393, '2019-12-30', 7, 15950),
(394, '2019-12-31', 7, 15950),
(395, '2019-12-21', 8, 17950),
(396, '2019-12-22', 8, 17950),
(397, '2019-12-23', 8, 17950),
(398, '2019-12-24', 8, 17950),
(399, '2019-12-25', 8, 17950),
(400, '2019-12-26', 8, 17950),
(401, '2019-12-27', 8, 17950),
(402, '2019-12-28', 8, 17950),
(403, '2019-12-29', 8, 17950),
(404, '2019-12-30', 8, 17950),
(405, '2019-12-31', 8, 17950),
(406, '2019-12-21', 9, 16950),
(407, '2019-12-22', 9, 16950),
(408, '2019-12-23', 9, 16950),
(409, '2019-12-24', 9, 16950),
(410, '2019-12-25', 9, 16950),
(411, '2019-12-26', 9, 16950),
(412, '2019-12-27', 9, 16950),
(413, '2019-12-28', 9, 16950),
(414, '2019-12-29', 9, 16950),
(415, '2019-12-30', 9, 16950),
(416, '2019-12-31', 9, 16950),
(417, '2019-12-21', 10, 24950),
(418, '2019-12-22', 10, 24950),
(419, '2019-12-23', 10, 24950),
(420, '2019-12-24', 10, 24950),
(421, '2019-12-25', 10, 24950),
(422, '2019-12-26', 10, 24950),
(423, '2019-12-27', 10, 24950),
(424, '2019-12-28', 10, 24950),
(425, '2019-12-29', 10, 24950),
(426, '2019-12-30', 10, 24950),
(427, '2019-12-31', 10, 24950),
(428, '2020-01-01', 4, 8950),
(429, '2020-01-02', 4, 8950),
(430, '2020-01-03', 4, 8950),
(431, '2020-01-04', 4, 8950),
(432, '2020-01-05', 4, 8950),
(433, '2020-01-06', 4, 8950),
(434, '2020-01-07', 4, 8950),
(435, '2020-01-08', 4, 8950),
(436, '2020-01-09', 4, 8950),
(437, '2020-01-10', 4, 8950),
(438, '2020-01-01', 5, 9950),
(439, '2020-01-02', 5, 9950),
(440, '2020-01-03', 5, 9950),
(441, '2020-01-04', 5, 9950),
(442, '2020-01-05', 5, 9950),
(443, '2020-01-06', 5, 9950),
(444, '2020-01-07', 5, 9950),
(445, '2020-01-08', 5, 9950),
(446, '2020-01-09', 5, 9950),
(447, '2020-01-10', 5, 9950),
(448, '2020-01-01', 6, 14950),
(449, '2020-01-02', 6, 14950),
(450, '2020-01-03', 6, 14950),
(451, '2020-01-04', 6, 14950),
(452, '2020-01-05', 6, 14950),
(453, '2020-01-06', 6, 14950),
(454, '2020-01-07', 6, 14950),
(455, '2020-01-08', 6, 14950),
(456, '2020-01-09', 6, 14950),
(457, '2020-01-10', 6, 14950),
(458, '2020-01-01', 7, 15950),
(459, '2020-01-02', 7, 15950),
(460, '2020-01-03', 7, 15950),
(461, '2020-01-04', 7, 15950),
(462, '2020-01-05', 7, 15950),
(463, '2020-01-06', 7, 15950),
(464, '2020-01-07', 7, 15950),
(465, '2020-01-08', 7, 15950),
(466, '2020-01-09', 7, 15950),
(467, '2020-01-10', 7, 15950),
(468, '2020-01-01', 8, 17950),
(469, '2020-01-02', 8, 17950),
(470, '2020-01-03', 8, 17950),
(471, '2020-01-04', 8, 17950),
(472, '2020-01-05', 8, 17950),
(473, '2020-01-06', 8, 17950),
(474, '2020-01-07', 8, 17950),
(475, '2020-01-08', 8, 17950),
(476, '2020-01-09', 8, 17950),
(477, '2020-01-10', 8, 17950),
(478, '2020-01-01', 9, 16950),
(479, '2020-01-02', 9, 16950),
(480, '2020-01-03', 9, 16950),
(481, '2020-01-04', 9, 16950),
(482, '2020-01-05', 9, 16950),
(483, '2020-01-06', 9, 16950),
(484, '2020-01-07', 9, 16950),
(485, '2020-01-08', 9, 16950),
(486, '2020-01-09', 9, 16950),
(487, '2020-01-10', 9, 16950),
(488, '2020-01-01', 10, 24950),
(489, '2020-01-02', 10, 24950),
(490, '2020-01-03', 10, 24950),
(491, '2020-01-04', 10, 24950),
(492, '2020-01-05', 10, 24950),
(493, '2020-01-06', 10, 24950),
(494, '2020-01-07', 10, 24950),
(495, '2020-01-08', 10, 24950),
(496, '2020-01-09', 10, 24950),
(497, '2020-01-10', 10, 24950),
(498, '2020-03-01', 4, 6950),
(499, '2020-03-02', 4, 6950),
(500, '2020-03-03', 4, 6950),
(501, '2020-03-04', 4, 6950),
(503, '2020-03-06', 4, 6950),
(504, '2020-03-07', 4, 6950),
(505, '2020-03-08', 4, 6950),
(506, '2020-03-09', 4, 6950),
(507, '2020-03-10', 4, 6950),
(508, '2020-03-11', 4, 6950),
(509, '2020-03-12', 4, 6950),
(510, '2020-03-13', 4, 6950),
(511, '2020-03-14', 4, 6950),
(512, '2020-03-15', 4, 6950),
(513, '2020-03-16', 4, 6950),
(514, '2020-03-17', 4, 6950),
(515, '2020-03-18', 4, 6950),
(516, '2020-03-19', 4, 6950),
(517, '2020-03-20', 4, 6950),
(518, '2020-03-21', 4, 6950),
(519, '2020-03-22', 4, 6950),
(520, '2020-03-23', 4, 6950),
(521, '2020-03-24', 4, 6950),
(522, '2020-03-25', 4, 6950),
(523, '2020-03-26', 4, 6950),
(524, '2020-03-27', 4, 6950),
(525, '2020-03-28', 4, 6950),
(526, '2020-03-29', 4, 6950),
(527, '2020-03-30', 4, 6950),
(528, '2020-03-31', 4, 6950),
(529, '2020-03-01', 5, 7950),
(530, '2020-03-02', 5, 7950),
(531, '2020-03-03', 5, 7950),
(532, '2020-03-04', 5, 7950),
(533, '2020-03-05', 5, 7950),
(534, '2020-03-06', 5, 7950),
(535, '2020-03-07', 5, 7950),
(536, '2020-03-08', 5, 7950),
(537, '2020-03-09', 5, 7950),
(538, '2020-03-10', 5, 7950),
(539, '2020-03-11', 5, 7950),
(540, '2020-03-12', 5, 7950),
(541, '2020-03-13', 5, 7950),
(542, '2020-03-14', 5, 7950),
(543, '2020-03-15', 5, 7950),
(544, '2020-03-16', 5, 7950),
(545, '2020-03-17', 5, 7950),
(546, '2020-03-18', 5, 7950),
(547, '2020-03-19', 5, 7950),
(548, '2020-03-20', 5, 7950),
(549, '2020-03-21', 5, 7950),
(550, '2020-03-22', 5, 7950),
(551, '2020-03-23', 5, 7950),
(552, '2020-03-24', 5, 7950),
(553, '2020-03-25', 5, 7950),
(554, '2020-03-26', 5, 7950),
(555, '2020-03-27', 5, 7950),
(556, '2020-03-28', 5, 7950),
(557, '2020-03-29', 5, 7950),
(558, '2020-03-30', 5, 7950),
(559, '2020-03-31', 5, 7950),
(560, '2020-03-01', 6, 12950),
(561, '2020-03-02', 6, 12950),
(562, '2020-03-03', 6, 12950),
(563, '2020-03-04', 6, 12950),
(564, '2020-03-05', 6, 12950),
(565, '2020-03-06', 6, 12950),
(566, '2020-03-07', 6, 12950),
(567, '2020-03-08', 6, 12950),
(568, '2020-03-09', 6, 12950),
(569, '2020-03-10', 6, 12950),
(570, '2020-03-11', 6, 12950),
(571, '2020-03-12', 6, 12950),
(572, '2020-03-13', 6, 12950),
(573, '2020-03-14', 6, 12950),
(574, '2020-03-15', 6, 12950),
(575, '2020-03-16', 6, 12950),
(576, '2020-03-17', 6, 12950),
(577, '2020-03-18', 6, 12950),
(578, '2020-03-19', 6, 12950),
(579, '2020-03-20', 6, 12950),
(580, '2020-03-21', 6, 12950),
(581, '2020-03-22', 6, 12950),
(582, '2020-03-23', 6, 12950),
(583, '2020-03-24', 6, 12950),
(584, '2020-03-25', 6, 12950),
(585, '2020-03-26', 6, 12950),
(586, '2020-03-27', 6, 12950),
(587, '2020-03-28', 6, 12950),
(588, '2020-03-29', 6, 12950),
(589, '2020-03-30', 6, 12950),
(590, '2020-03-31', 6, 12950),
(591, '2020-03-01', 7, 13950),
(592, '2020-03-02', 7, 13950),
(593, '2020-03-03', 7, 13950),
(594, '2020-03-04', 7, 13950),
(595, '2020-03-05', 7, 13950),
(596, '2020-03-06', 7, 13950),
(597, '2020-03-07', 7, 13950),
(598, '2020-03-08', 7, 13950),
(599, '2020-03-09', 7, 13950),
(600, '2020-03-10', 7, 13950),
(601, '2020-03-11', 7, 13950),
(602, '2020-03-12', 7, 13950),
(603, '2020-03-13', 7, 13950),
(604, '2020-03-14', 7, 13950),
(605, '2020-03-15', 7, 13950),
(606, '2020-03-16', 7, 13950),
(607, '2020-03-17', 7, 13950),
(608, '2020-03-18', 7, 13950),
(609, '2020-03-19', 7, 13950),
(610, '2020-03-20', 7, 13950),
(611, '2020-03-21', 7, 13950),
(612, '2020-03-22', 7, 13950),
(613, '2020-03-23', 7, 13950),
(614, '2020-03-24', 7, 13950),
(615, '2020-03-25', 7, 13950),
(616, '2020-03-26', 7, 13950),
(617, '2020-03-27', 7, 13950),
(618, '2020-03-28', 7, 13950),
(619, '2020-03-29', 7, 13950),
(620, '2020-03-30', 7, 13950),
(621, '2020-03-31', 7, 13950),
(622, '2020-03-01', 8, 15950),
(623, '2020-03-02', 8, 15950),
(624, '2020-03-03', 8, 15950),
(625, '2020-03-04', 8, 15950),
(626, '2020-03-05', 8, 15950),
(627, '2020-03-06', 8, 15950),
(628, '2020-03-07', 8, 15950),
(629, '2020-03-08', 8, 15950),
(630, '2020-03-09', 8, 15950),
(631, '2020-03-10', 8, 15950),
(632, '2020-03-11', 8, 15950),
(633, '2020-03-12', 8, 15950),
(634, '2020-03-13', 8, 15950),
(635, '2020-03-14', 8, 15950),
(636, '2020-03-15', 8, 15950),
(637, '2020-03-16', 8, 15950),
(638, '2020-03-17', 8, 15950),
(639, '2020-03-18', 8, 15950),
(640, '2020-03-19', 8, 15950),
(641, '2020-03-20', 8, 15950),
(642, '2020-03-21', 8, 15950),
(643, '2020-03-22', 8, 15950),
(644, '2020-03-23', 8, 15950),
(645, '2020-03-24', 8, 15950),
(646, '2020-03-25', 8, 15950),
(647, '2020-03-26', 8, 15950),
(648, '2020-03-27', 8, 15950),
(649, '2020-03-28', 8, 15950),
(650, '2020-03-29', 8, 15950),
(651, '2020-03-30', 8, 15950),
(652, '2020-03-31', 8, 15950),
(653, '2020-03-01', 9, 14950),
(654, '2020-03-02', 9, 14950),
(655, '2020-03-03', 9, 14950),
(656, '2020-03-04', 9, 14950),
(657, '2020-03-05', 9, 14950),
(658, '2020-03-06', 9, 14950),
(659, '2020-03-07', 9, 14950),
(660, '2020-03-08', 9, 14950),
(661, '2020-03-09', 9, 14950),
(662, '2020-03-10', 9, 14950),
(663, '2020-03-11', 9, 14950),
(664, '2020-03-12', 9, 14950),
(665, '2020-03-13', 9, 14950),
(666, '2020-03-14', 9, 14950),
(667, '2020-03-15', 9, 14950),
(668, '2020-03-16', 9, 14950),
(669, '2020-03-17', 9, 14950),
(670, '2020-03-18', 9, 14950),
(671, '2020-03-19', 9, 14950),
(672, '2020-03-20', 9, 14950),
(673, '2020-03-21', 9, 14950),
(674, '2020-03-22', 9, 14950),
(675, '2020-03-23', 9, 14950),
(676, '2020-03-24', 9, 14950),
(677, '2020-03-25', 9, 14950),
(678, '2020-03-26', 9, 14950),
(679, '2020-03-27', 9, 14950),
(680, '2020-03-28', 9, 14950),
(681, '2020-03-29', 9, 14950),
(682, '2020-03-30', 9, 14950),
(683, '2020-03-31', 9, 14950),
(684, '2020-03-01', 10, 22950),
(685, '2020-03-02', 10, 22950),
(686, '2020-03-03', 10, 22950),
(687, '2020-03-04', 10, 22950),
(688, '2020-03-05', 10, 22950),
(689, '2020-03-06', 10, 22950),
(690, '2020-03-07', 10, 22950),
(691, '2020-03-08', 10, 22950),
(692, '2020-03-09', 10, 22950),
(693, '2020-03-10', 10, 22950),
(694, '2020-03-11', 10, 22950),
(695, '2020-03-12', 10, 22950),
(696, '2020-03-13', 10, 22950),
(697, '2020-03-14', 10, 22950),
(698, '2020-03-15', 10, 22950),
(699, '2020-03-16', 10, 22950),
(700, '2020-03-17', 10, 22950),
(701, '2020-03-18', 10, 22950),
(702, '2020-03-19', 10, 22950),
(703, '2020-03-20', 10, 22950),
(704, '2020-03-21', 10, 22950),
(705, '2020-03-22', 10, 22950),
(706, '2020-03-23', 10, 22950),
(707, '2020-03-24', 10, 22950),
(708, '2020-03-25', 10, 22950),
(709, '2020-03-26', 10, 22950),
(710, '2020-03-27', 10, 22950),
(711, '2020-03-28', 10, 22950),
(712, '2020-03-29', 10, 22950),
(713, '2020-03-30', 10, 22950),
(714, '2020-03-31', 10, 22950),
(715, '2020-02-01', 4, 6950),
(716, '2020-02-02', 4, 6950),
(717, '2020-02-03', 4, 6950),
(718, '2020-02-04', 4, 6950),
(719, '2020-02-05', 4, 6950),
(720, '2020-02-06', 4, 6950),
(721, '2020-02-07', 4, 6950),
(722, '2020-02-08', 4, 6950),
(723, '2020-02-09', 4, 6950),
(724, '2020-02-10', 4, 6950),
(725, '2020-02-11', 4, 6950),
(726, '2020-02-12', 4, 6950),
(727, '2020-02-13', 4, 6950),
(728, '2020-02-14', 4, 6950),
(729, '2020-02-15', 4, 6950),
(730, '2020-02-16', 4, 6950),
(731, '2020-02-17', 4, 6950),
(732, '2020-02-18', 4, 6950),
(733, '2020-02-19', 4, 6950),
(734, '2020-02-20', 4, 6950),
(735, '2020-02-21', 4, 6950),
(736, '2020-02-22', 4, 6950),
(737, '2020-02-23', 4, 6950),
(738, '2020-02-24', 4, 6950),
(739, '2020-02-25', 4, 6950),
(740, '2020-02-26', 4, 6950),
(741, '2020-02-27', 4, 6950),
(742, '2020-02-28', 4, 6950),
(743, '2020-02-29', 4, 6950),
(744, '2020-02-01', 5, 7950),
(745, '2020-02-02', 5, 7950),
(746, '2020-02-03', 5, 7950),
(747, '2020-02-04', 5, 7950),
(748, '2020-02-05', 5, 7950),
(749, '2020-02-06', 5, 7950),
(750, '2020-02-07', 5, 7950),
(751, '2020-02-08', 5, 7950),
(752, '2020-02-09', 5, 7950),
(753, '2020-02-10', 5, 7950),
(754, '2020-02-11', 5, 7950),
(755, '2020-02-12', 5, 7950),
(756, '2020-02-13', 5, 7950),
(757, '2020-02-14', 5, 7950),
(758, '2020-02-15', 5, 7950),
(759, '2020-02-16', 5, 7950),
(760, '2020-02-17', 5, 7950),
(761, '2020-02-18', 5, 7950),
(762, '2020-02-19', 5, 7950),
(763, '2020-02-20', 5, 7950),
(764, '2020-02-21', 5, 7950),
(765, '2020-02-22', 5, 7950),
(766, '2020-02-23', 5, 7950),
(767, '2020-02-24', 5, 7950),
(768, '2020-02-25', 5, 7950),
(769, '2020-02-26', 5, 7950),
(770, '2020-02-27', 5, 7950),
(771, '2020-02-28', 5, 7950),
(772, '2020-02-29', 5, 7950),
(773, '2020-02-01', 6, 12950),
(774, '2020-02-02', 6, 12950),
(775, '2020-02-03', 6, 12950),
(776, '2020-02-04', 6, 12950),
(777, '2020-02-05', 6, 12950),
(778, '2020-02-06', 6, 12950),
(779, '2020-02-07', 6, 12950),
(780, '2020-02-08', 6, 12950),
(781, '2020-02-09', 6, 12950),
(782, '2020-02-10', 6, 12950),
(783, '2020-02-11', 6, 12950),
(784, '2020-02-12', 6, 12950),
(785, '2020-02-13', 6, 12950),
(786, '2020-02-14', 6, 12950),
(787, '2020-02-15', 6, 12950),
(788, '2020-02-16', 6, 12950),
(789, '2020-02-17', 6, 12950),
(790, '2020-02-18', 6, 12950),
(791, '2020-02-19', 6, 12950),
(792, '2020-02-20', 6, 12950),
(793, '2020-02-21', 6, 12950),
(794, '2020-02-22', 6, 12950),
(795, '2020-02-23', 6, 12950),
(796, '2020-02-24', 6, 12950),
(797, '2020-02-25', 6, 12950),
(798, '2020-02-26', 6, 12950),
(799, '2020-02-27', 6, 12950),
(800, '2020-02-28', 6, 12950),
(801, '2020-02-29', 6, 12950),
(802, '2020-02-01', 7, 13950),
(803, '2020-02-02', 7, 13950),
(804, '2020-02-03', 7, 13950),
(805, '2020-02-04', 7, 13950),
(806, '2020-02-05', 7, 13950),
(807, '2020-02-06', 7, 13950),
(808, '2020-02-07', 7, 13950),
(809, '2020-02-08', 7, 13950),
(810, '2020-02-09', 7, 13950),
(811, '2020-02-10', 7, 13950),
(812, '2020-02-11', 7, 13950),
(813, '2020-02-12', 7, 13950),
(814, '2020-02-13', 7, 13950),
(815, '2020-02-14', 7, 13950),
(816, '2020-02-15', 7, 13950),
(817, '2020-02-16', 7, 13950),
(818, '2020-02-17', 7, 13950),
(819, '2020-02-18', 7, 13950),
(820, '2020-02-19', 7, 13950),
(821, '2020-02-20', 7, 13950),
(822, '2020-02-21', 7, 13950),
(823, '2020-02-22', 7, 13950),
(824, '2020-02-23', 7, 13950),
(825, '2020-02-24', 7, 13950),
(826, '2020-02-25', 7, 13950),
(827, '2020-02-26', 7, 13950),
(828, '2020-02-27', 7, 13950),
(829, '2020-02-28', 7, 13950),
(830, '2020-02-29', 7, 13950),
(831, '2020-02-01', 8, 15950),
(832, '2020-02-02', 8, 15950),
(833, '2020-02-03', 8, 15950),
(834, '2020-02-04', 8, 15950),
(835, '2020-02-05', 8, 15950),
(836, '2020-02-06', 8, 15950),
(837, '2020-02-07', 8, 15950),
(838, '2020-02-08', 8, 15950),
(839, '2020-02-09', 8, 15950),
(840, '2020-02-10', 8, 15950),
(841, '2020-02-11', 8, 15950),
(842, '2020-02-12', 8, 15950),
(843, '2020-02-13', 8, 15950),
(844, '2020-02-14', 8, 15950),
(845, '2020-02-15', 8, 15950),
(846, '2020-02-16', 8, 15950),
(847, '2020-02-17', 8, 15950),
(848, '2020-02-18', 8, 15950),
(849, '2020-02-19', 8, 15950),
(850, '2020-02-20', 8, 15950),
(851, '2020-02-21', 8, 15950),
(852, '2020-02-22', 8, 15950),
(853, '2020-02-23', 8, 15950),
(854, '2020-02-24', 8, 15950),
(855, '2020-02-25', 8, 15950),
(856, '2020-02-26', 8, 15950),
(857, '2020-02-27', 8, 15950),
(858, '2020-02-28', 8, 15950),
(859, '2020-02-29', 8, 15950),
(860, '2020-02-01', 9, 14950),
(861, '2020-02-02', 9, 14950),
(862, '2020-02-03', 9, 14950),
(863, '2020-02-04', 9, 14950),
(864, '2020-02-05', 9, 14950),
(865, '2020-02-06', 9, 14950),
(866, '2020-02-07', 9, 14950),
(867, '2020-02-08', 9, 14950),
(868, '2020-02-09', 9, 14950),
(869, '2020-02-10', 9, 14950),
(870, '2020-02-11', 9, 14950),
(871, '2020-02-12', 9, 14950),
(872, '2020-02-13', 9, 14950),
(873, '2020-02-14', 9, 14950),
(874, '2020-02-15', 9, 14950),
(875, '2020-02-16', 9, 14950),
(876, '2020-02-17', 9, 14950),
(877, '2020-02-18', 9, 14950),
(878, '2020-02-19', 9, 14950),
(879, '2020-02-20', 9, 14950),
(880, '2020-02-21', 9, 14950),
(881, '2020-02-22', 9, 14950),
(882, '2020-02-23', 9, 14950),
(883, '2020-02-24', 9, 14950),
(884, '2020-02-25', 9, 14950),
(885, '2020-02-26', 9, 14950),
(886, '2020-02-27', 9, 14950),
(887, '2020-02-28', 9, 14950),
(888, '2020-02-29', 9, 14950),
(889, '2020-02-01', 10, 22950),
(890, '2020-02-02', 10, 22950),
(891, '2020-02-03', 10, 22950),
(892, '2020-02-04', 10, 22950),
(893, '2020-02-05', 10, 22950),
(894, '2020-02-06', 10, 22950),
(895, '2020-02-07', 10, 22950),
(896, '2020-02-08', 10, 22950),
(897, '2020-02-09', 10, 22950),
(898, '2020-02-10', 10, 22950),
(899, '2020-02-11', 10, 22950),
(900, '2020-02-12', 10, 22950),
(901, '2020-02-13', 10, 22950),
(902, '2020-02-14', 10, 22950),
(903, '2020-02-15', 10, 22950),
(904, '2020-02-16', 10, 22950),
(905, '2020-02-17', 10, 22950),
(906, '2020-02-18', 10, 22950),
(907, '2020-02-19', 10, 22950),
(908, '2020-02-20', 10, 22950),
(909, '2020-02-21', 10, 22950),
(910, '2020-02-22', 10, 22950),
(911, '2020-02-23', 10, 22950),
(912, '2020-02-24', 10, 22950),
(913, '2020-02-25', 10, 22950),
(914, '2020-02-26', 10, 22950),
(915, '2020-02-27', 10, 22950),
(916, '2020-02-28', 10, 22950),
(917, '2020-02-29', 10, 22950),
(918, '2020-01-11', 4, 6950),
(919, '2020-01-12', 4, 6950),
(920, '2020-01-13', 4, 6950),
(921, '2020-01-14', 4, 6950),
(922, '2020-01-15', 4, 6950),
(923, '2020-01-16', 4, 6950),
(924, '2020-01-17', 4, 6950),
(925, '2020-01-18', 4, 6950),
(926, '2020-01-19', 4, 6950),
(927, '2020-01-20', 4, 6950),
(928, '2020-01-21', 4, 6950),
(929, '2020-01-22', 4, 6950),
(930, '2020-01-23', 4, 6950),
(931, '2020-01-24', 4, 6950),
(932, '2020-01-25', 4, 6950),
(933, '2020-01-26', 4, 6950),
(934, '2020-01-27', 4, 6950),
(935, '2020-01-28', 4, 6950),
(936, '2020-01-29', 4, 6950),
(937, '2020-01-30', 4, 6950),
(938, '2020-01-31', 4, 6950),
(939, '2020-01-11', 5, 7950),
(940, '2020-01-12', 5, 7950),
(941, '2020-01-13', 5, 7950),
(942, '2020-01-14', 5, 7950),
(943, '2020-01-15', 5, 7950),
(944, '2020-01-16', 5, 7950),
(945, '2020-01-17', 5, 7950),
(946, '2020-01-18', 5, 7950),
(947, '2020-01-19', 5, 7950),
(948, '2020-01-20', 5, 7950),
(949, '2020-01-21', 5, 7950),
(950, '2020-01-22', 5, 7950),
(951, '2020-01-23', 5, 7950),
(952, '2020-01-24', 5, 7950),
(953, '2020-01-25', 5, 7950),
(954, '2020-01-26', 5, 7950),
(955, '2020-01-27', 5, 7950),
(956, '2020-01-28', 5, 7950),
(957, '2020-01-29', 5, 7950),
(958, '2020-01-30', 5, 7950),
(959, '2020-01-31', 5, 7950),
(960, '2020-01-11', 6, 12950),
(961, '2020-01-12', 6, 12950),
(962, '2020-01-13', 6, 12950),
(963, '2020-01-14', 6, 12950),
(964, '2020-01-15', 6, 12950),
(965, '2020-01-16', 6, 12950),
(966, '2020-01-17', 6, 12950),
(967, '2020-01-18', 6, 12950),
(968, '2020-01-19', 6, 12950),
(969, '2020-01-20', 6, 12950),
(970, '2020-01-21', 6, 12950),
(971, '2020-01-22', 6, 12950),
(972, '2020-01-23', 6, 12950),
(973, '2020-01-24', 6, 12950),
(974, '2020-01-25', 6, 12950),
(975, '2020-01-26', 6, 12950),
(976, '2020-01-27', 6, 12950),
(977, '2020-01-28', 6, 12950),
(978, '2020-01-29', 6, 12950),
(979, '2020-01-30', 6, 12950),
(980, '2020-01-31', 6, 12950),
(981, '2020-01-11', 7, 13950),
(982, '2020-01-12', 7, 13950),
(983, '2020-01-13', 7, 13950),
(984, '2020-01-14', 7, 13950),
(985, '2020-01-15', 7, 13950),
(986, '2020-01-16', 7, 13950),
(987, '2020-01-17', 7, 13950),
(988, '2020-01-18', 7, 13950),
(989, '2020-01-19', 7, 13950),
(990, '2020-01-20', 7, 13950),
(991, '2020-01-21', 7, 13950),
(992, '2020-01-22', 7, 13950),
(993, '2020-01-23', 7, 13950),
(994, '2020-01-24', 7, 13950),
(995, '2020-01-25', 7, 13950),
(996, '2020-01-26', 7, 13950),
(997, '2020-01-27', 7, 13950),
(998, '2020-01-28', 7, 13950),
(999, '2020-01-29', 7, 13950),
(1000, '2020-01-30', 7, 13950),
(1001, '2020-01-31', 7, 13950),
(1002, '2020-01-11', 8, 15950),
(1003, '2020-01-12', 8, 15950),
(1004, '2020-01-13', 8, 15950),
(1005, '2020-01-14', 8, 15950),
(1006, '2020-01-15', 8, 15950),
(1007, '2020-01-16', 8, 15950),
(1008, '2020-01-17', 8, 15950),
(1009, '2020-01-18', 8, 15950),
(1010, '2020-01-19', 8, 15950),
(1011, '2020-01-20', 8, 15950),
(1012, '2020-01-21', 8, 15950),
(1013, '2020-01-22', 8, 15950),
(1014, '2020-01-23', 8, 15950),
(1015, '2020-01-24', 8, 15950),
(1016, '2020-01-25', 8, 15950),
(1017, '2020-01-26', 8, 15950),
(1018, '2020-01-27', 8, 15950),
(1019, '2020-01-28', 8, 15950),
(1020, '2020-01-29', 8, 15950),
(1021, '2020-01-30', 8, 15950),
(1022, '2020-01-31', 8, 15950),
(1023, '2020-01-11', 9, 14950),
(1024, '2020-01-12', 9, 14950),
(1025, '2020-01-13', 9, 14950),
(1026, '2020-01-14', 9, 14950),
(1027, '2020-01-15', 9, 14950),
(1028, '2020-01-16', 9, 14950),
(1029, '2020-01-17', 9, 14950),
(1030, '2020-01-18', 9, 14950),
(1031, '2020-01-19', 9, 14950),
(1032, '2020-01-20', 9, 14950),
(1033, '2020-01-21', 9, 14950),
(1034, '2020-01-22', 9, 14950),
(1035, '2020-01-23', 9, 14950),
(1036, '2020-01-24', 9, 14950),
(1037, '2020-01-25', 9, 14950),
(1038, '2020-01-26', 9, 14950),
(1039, '2020-01-27', 9, 14950),
(1040, '2020-01-28', 9, 14950),
(1041, '2020-01-29', 9, 14950),
(1042, '2020-01-30', 9, 14950),
(1043, '2020-01-31', 9, 14950),
(1044, '2020-01-11', 10, 22950),
(1045, '2020-01-12', 10, 22950),
(1046, '2020-01-13', 10, 22950),
(1047, '2020-01-14', 10, 22950),
(1048, '2020-01-15', 10, 22950),
(1049, '2020-01-16', 10, 22950),
(1050, '2020-01-17', 10, 22950),
(1051, '2020-01-18', 10, 22950),
(1052, '2020-01-19', 10, 22950),
(1053, '2020-01-20', 10, 22950),
(1054, '2020-01-21', 10, 22950),
(1055, '2020-01-22', 10, 22950),
(1056, '2020-01-23', 10, 22950),
(1057, '2020-01-24', 10, 22950),
(1058, '2020-01-25', 10, 22950),
(1059, '2020-01-26', 10, 22950),
(1060, '2020-01-27', 10, 22950),
(1061, '2020-01-28', 10, 22950),
(1062, '2020-01-29', 10, 22950),
(1063, '2020-01-30', 10, 22950),
(1064, '2020-01-31', 10, 22950),
(1065, '2019-12-05', 11, 7950),
(1067, '2019-12-06', 11, 7950),
(1068, '2019-12-07', 11, 7950),
(1071, '2019-12-10', 11, 7950),
(1072, '2019-12-11', 11, 7950),
(1073, '2019-12-12', 11, 7950),
(1074, '2019-12-13', 11, 7950),
(1075, '2019-12-14', 11, 7950),
(1076, '2019-12-15', 11, 7950),
(1077, '2019-12-16', 11, 7950),
(1078, '2019-12-17', 11, 7950),
(1079, '2019-12-18', 11, 7950),
(1080, '2019-12-19', 11, 7950),
(1081, '2019-12-20', 11, 7950),
(1082, '2019-12-21', 11, 9950),
(1083, '2019-12-22', 11, 9950),
(1084, '2019-12-23', 11, 9950),
(1085, '2019-12-24', 11, 9950),
(1087, '2019-12-26', 11, 9950),
(1088, '2019-12-27', 11, 9950),
(1089, '2019-12-28', 11, 9950),
(1090, '2019-12-29', 11, 9950),
(1091, '2019-12-30', 11, 9950),
(1092, '2019-12-03', 11, 7950),
(1093, '2019-12-31', 11, 9950),
(1094, '2019-12-02', 11, 7950),
(1095, '2019-12-01', 11, 7950),
(1096, '2019-12-04', 11, 7950),
(1097, '2019-12-25', 11, 9950),
(1098, '2020-01-01', 11, 9950),
(1099, '2020-01-02', 11, 9950),
(1100, '2020-01-03', 11, 9950),
(1101, '2020-01-04', 11, 9950),
(1102, '2020-01-05', 11, 9950),
(1103, '2020-01-06', 11, 9950),
(1104, '2020-01-07', 11, 9950),
(1105, '2020-01-08', 11, 9950),
(1106, '2020-01-09', 11, 9950),
(1107, '2020-01-10', 11, 9950),
(1108, '2020-01-11', 11, 7950),
(1109, '2020-01-12', 11, 7950),
(1110, '2020-01-13', 11, 7950),
(1111, '2020-01-14', 11, 7950),
(1112, '2020-01-15', 11, 7950),
(1113, '2020-01-16', 11, 7950),
(1114, '2020-01-17', 11, 7950),
(1115, '2020-01-18', 11, 7950),
(1116, '2020-01-19', 11, 7950),
(1117, '2020-01-20', 11, 7950),
(1118, '2020-01-21', 11, 7950),
(1119, '2020-01-22', 11, 7950),
(1120, '2020-01-23', 11, 7950),
(1121, '2020-01-24', 11, 7950),
(1122, '2020-01-25', 11, 7950),
(1123, '2020-01-26', 11, 7950),
(1124, '2020-01-27', 11, 7950),
(1125, '2020-01-28', 11, 7950),
(1126, '2020-01-29', 11, 7950),
(1127, '2020-01-30', 11, 7950),
(1128, '2020-01-31', 11, 7950),
(1129, '2020-02-01', 11, 7950),
(1130, '2020-02-02', 11, 7950),
(1131, '2020-02-03', 11, 7950),
(1132, '2020-02-04', 11, 7950),
(1133, '2020-02-05', 11, 7950),
(1134, '2020-02-06', 11, 7950),
(1135, '2020-02-07', 11, 7950),
(1136, '2020-02-08', 11, 7950),
(1137, '2020-02-09', 11, 7950),
(1138, '2020-02-10', 11, 7950),
(1139, '2020-02-11', 11, 7950),
(1140, '2020-02-12', 11, 7950),
(1141, '2020-02-13', 11, 7950),
(1142, '2020-02-14', 11, 7950),
(1143, '2020-02-15', 11, 7950),
(1144, '2020-02-16', 11, 7950),
(1145, '2020-02-17', 11, 7950),
(1146, '2020-02-18', 11, 7950),
(1147, '2020-02-19', 11, 7950),
(1148, '2020-02-20', 11, 7950),
(1149, '2020-02-21', 11, 7950),
(1150, '2020-02-22', 11, 7950),
(1151, '2020-02-23', 11, 7950),
(1152, '2020-02-24', 11, 7950),
(1153, '2020-02-25', 11, 7950),
(1154, '2020-02-26', 11, 7950),
(1155, '2020-02-27', 11, 7950),
(1156, '2020-02-28', 11, 7950),
(1157, '2020-02-29', 11, 7950),
(1158, '2020-03-01', 11, 7950),
(1159, '2020-03-02', 11, 7950),
(1160, '2020-03-03', 11, 7950),
(1161, '2020-03-04', 11, 7950),
(1162, '2020-03-05', 11, 7950),
(1163, '2020-03-06', 11, 7950),
(1164, '2020-03-07', 11, 7950),
(1165, '2020-03-08', 11, 7950),
(1166, '2020-03-09', 11, 7950),
(1167, '2020-03-10', 11, 7950),
(1168, '2020-03-11', 11, 7950),
(1169, '2020-03-12', 11, 7950),
(1170, '2020-03-13', 11, 7950),
(1171, '2020-03-14', 11, 7950),
(1172, '2020-03-15', 11, 7950),
(1173, '2020-03-16', 11, 7950),
(1174, '2020-03-17', 11, 7950),
(1175, '2020-03-18', 11, 7950),
(1176, '2020-03-19', 11, 7950),
(1177, '2020-03-20', 11, 7950),
(1178, '2020-03-21', 11, 7950),
(1179, '2020-03-22', 11, 7950),
(1180, '2020-03-23', 11, 7950),
(1181, '2020-03-24', 11, 7950),
(1182, '2020-03-25', 11, 7950),
(1183, '2020-03-26', 11, 7950),
(1184, '2020-03-27', 11, 7950),
(1185, '2020-03-28', 11, 7950),
(1186, '2020-03-29', 11, 7950),
(1187, '2020-03-30', 11, 7950),
(1188, '2020-03-31', 11, 7950),
(1189, '2020-03-05', 4, 6950),
(1190, '2019-12-08', 11, 7950),
(1191, '2019-12-09', 11, 7950),
(1196, '2020-04-01', 4, 6950),
(1197, '2020-04-02', 4, 6950),
(1198, '2020-04-03', 4, 6950),
(1199, '2020-04-04', 4, 6950),
(1200, '2020-04-05', 4, 6950),
(1201, '2020-04-06', 4, 6950),
(1202, '2020-04-07', 4, 6950),
(1203, '2020-04-08', 4, 6950),
(1204, '2020-04-09', 4, 6950),
(1205, '2020-04-10', 4, 6950),
(1206, '2020-04-11', 4, 6950),
(1207, '2020-04-12', 4, 6950),
(1208, '2020-04-13', 4, 6950),
(1209, '2020-04-14', 4, 6950),
(1210, '2020-04-15', 4, 6950),
(1211, '2020-04-16', 4, 6950),
(1212, '2020-04-17', 4, 6950),
(1213, '2020-04-18', 4, 6950),
(1214, '2020-04-19', 4, 6950),
(1215, '2020-04-20', 4, 6950),
(1216, '2020-04-21', 4, 6950),
(1217, '2020-04-22', 4, 6950),
(1218, '2020-04-23', 4, 6950),
(1219, '2020-04-24', 4, 6950),
(1220, '2020-04-25', 4, 6950),
(1221, '2020-04-26', 4, 6950),
(1222, '2020-04-27', 4, 6950),
(1223, '2020-04-28', 4, 6950),
(1224, '2020-04-29', 4, 6950),
(1225, '2020-04-30', 4, 6950),
(1226, '2020-04-01', 11, 7950),
(1227, '2020-04-02', 11, 7950),
(1228, '2020-04-03', 11, 7950),
(1229, '2020-04-04', 11, 7950),
(1230, '2020-04-05', 11, 7950),
(1231, '2020-04-06', 11, 7950),
(1232, '2020-04-07', 11, 7950),
(1233, '2020-04-08', 11, 7950),
(1234, '2020-04-09', 11, 7950),
(1235, '2020-04-10', 11, 7950),
(1236, '2020-04-11', 11, 7950),
(1237, '2020-04-12', 11, 7950),
(1238, '2020-04-13', 11, 7950),
(1239, '2020-04-14', 11, 7950),
(1240, '2020-04-15', 11, 7950),
(1241, '2020-04-16', 11, 7950),
(1242, '2020-04-17', 11, 7950),
(1243, '2020-04-18', 11, 7950),
(1244, '2020-04-19', 11, 7950),
(1245, '2020-04-20', 11, 7950),
(1246, '2020-04-21', 11, 7950),
(1247, '2020-04-22', 11, 7950),
(1248, '2020-04-23', 11, 7950),
(1249, '2020-04-24', 11, 7950),
(1250, '2020-04-25', 11, 7950),
(1251, '2020-04-26', 11, 7950),
(1252, '2020-04-27', 11, 7950),
(1253, '2020-04-28', 11, 7950),
(1254, '2020-04-29', 11, 7950),
(1255, '2020-04-30', 11, 7950),
(1256, '2020-04-01', 6, 12950),
(1257, '2020-04-02', 6, 12950),
(1258, '2020-04-03', 6, 12950),
(1259, '2020-04-04', 6, 12950),
(1260, '2020-04-05', 6, 12950),
(1261, '2020-04-06', 6, 12950),
(1262, '2020-04-07', 6, 12950),
(1263, '2020-04-08', 6, 12950),
(1264, '2020-04-09', 6, 12950),
(1265, '2020-04-10', 6, 12950),
(1266, '2020-04-11', 6, 12950),
(1267, '2020-04-12', 6, 12950),
(1268, '2020-04-13', 6, 12950),
(1269, '2020-04-14', 6, 12950),
(1270, '2020-04-15', 6, 12950),
(1271, '2020-04-16', 6, 12950),
(1272, '2020-04-17', 6, 12950),
(1273, '2020-04-18', 6, 12950),
(1274, '2020-04-19', 6, 12950),
(1275, '2020-04-20', 6, 12950),
(1276, '2020-04-21', 6, 12950),
(1277, '2020-04-22', 6, 12950),
(1278, '2020-04-23', 6, 12950),
(1279, '2020-04-24', 6, 12950),
(1280, '2020-04-25', 6, 12950),
(1281, '2020-04-26', 6, 12950),
(1282, '2020-04-27', 6, 12950),
(1283, '2020-04-28', 6, 12950),
(1284, '2020-04-29', 6, 12950),
(1285, '2020-04-30', 6, 12950),
(1286, '2020-04-01', 7, 13950),
(1287, '2020-04-02', 7, 13950),
(1288, '2020-04-03', 7, 13950),
(1289, '2020-04-04', 7, 13950),
(1290, '2020-04-05', 7, 13950),
(1291, '2020-04-06', 7, 13950),
(1292, '2020-04-07', 7, 13950),
(1293, '2020-04-08', 7, 13950),
(1294, '2020-04-09', 7, 13950),
(1295, '2020-04-10', 7, 13950),
(1296, '2020-04-11', 7, 13950),
(1297, '2020-04-12', 7, 13950),
(1298, '2020-04-13', 7, 13950),
(1299, '2020-04-14', 7, 13950),
(1300, '2020-04-15', 7, 13950),
(1301, '2020-04-16', 7, 13950),
(1302, '2020-04-17', 7, 13950),
(1303, '2020-04-18', 7, 13950),
(1304, '2020-04-19', 7, 13950),
(1305, '2020-04-20', 7, 13950),
(1306, '2020-04-21', 7, 13950),
(1307, '2020-04-22', 7, 13950),
(1308, '2020-04-23', 7, 13950),
(1309, '2020-04-24', 7, 13950),
(1310, '2020-04-25', 7, 13950),
(1311, '2020-04-26', 7, 13950),
(1312, '2020-04-27', 7, 13950),
(1313, '2020-04-28', 7, 13950),
(1314, '2020-04-29', 7, 13950),
(1315, '2020-04-30', 7, 13950),
(1316, '2020-04-01', 8, 13950),
(1317, '2020-04-02', 8, 13950),
(1318, '2020-04-03', 8, 13950),
(1319, '2020-04-04', 8, 13950),
(1320, '2020-04-05', 8, 13950),
(1321, '2020-04-06', 8, 13950),
(1322, '2020-04-07', 8, 13950),
(1323, '2020-04-08', 8, 13950),
(1324, '2020-04-09', 8, 13950),
(1325, '2020-04-10', 8, 13950),
(1326, '2020-04-11', 8, 13950),
(1327, '2020-04-12', 8, 13950),
(1328, '2020-04-13', 8, 13950),
(1329, '2020-04-14', 8, 13950),
(1330, '2020-04-15', 8, 13950),
(1331, '2020-04-16', 8, 13950),
(1332, '2020-04-17', 8, 13950),
(1333, '2020-04-18', 8, 13950),
(1334, '2020-04-19', 8, 13950),
(1335, '2020-04-20', 8, 13950),
(1336, '2020-04-21', 8, 13950),
(1337, '2020-04-22', 8, 13950),
(1338, '2020-04-23', 8, 13950),
(1339, '2020-04-24', 8, 13950),
(1340, '2020-04-25', 8, 13950),
(1341, '2020-04-26', 8, 13950),
(1342, '2020-04-27', 8, 13950),
(1343, '2020-04-28', 8, 13950),
(1344, '2020-04-29', 8, 13950),
(1345, '2020-04-30', 8, 13950),
(1346, '2020-04-01', 9, 14950),
(1347, '2020-04-02', 9, 14950),
(1348, '2020-04-03', 9, 14950),
(1349, '2020-04-04', 9, 14950),
(1350, '2020-04-05', 9, 14950),
(1351, '2020-04-06', 9, 14950),
(1352, '2020-04-07', 9, 14950),
(1353, '2020-04-08', 9, 14950),
(1354, '2020-04-09', 9, 14950),
(1355, '2020-04-10', 9, 14950),
(1356, '2020-04-11', 9, 14950),
(1357, '2020-04-12', 9, 14950),
(1358, '2020-04-13', 9, 14950),
(1359, '2020-04-14', 9, 14950),
(1360, '2020-04-15', 9, 14950),
(1361, '2020-04-16', 9, 14950),
(1362, '2020-04-17', 9, 14950),
(1363, '2020-04-18', 9, 14950),
(1364, '2020-04-19', 9, 14950),
(1365, '2020-04-20', 9, 14950),
(1366, '2020-04-21', 9, 14950),
(1367, '2020-04-22', 9, 14950),
(1368, '2020-04-23', 9, 14950),
(1369, '2020-04-24', 9, 14950),
(1370, '2020-04-25', 9, 14950),
(1371, '2020-04-26', 9, 14950),
(1372, '2020-04-27', 9, 14950),
(1373, '2020-04-28', 9, 14950),
(1374, '2020-04-29', 9, 14950),
(1375, '2020-04-30', 9, 14950),
(1376, '2020-04-01', 10, 22950),
(1377, '2020-04-02', 10, 22950),
(1378, '2020-04-03', 10, 22950),
(1379, '2020-04-04', 10, 22950),
(1380, '2020-04-05', 10, 22950),
(1381, '2020-04-06', 10, 22950),
(1382, '2020-04-07', 10, 22950),
(1383, '2020-04-08', 10, 22950),
(1384, '2020-04-09', 10, 22950),
(1385, '2020-04-10', 10, 22950),
(1386, '2020-04-11', 10, 22950),
(1387, '2020-04-12', 10, 22950),
(1388, '2020-04-13', 10, 22950),
(1389, '2020-04-14', 10, 22950),
(1390, '2020-04-15', 10, 22950),
(1391, '2020-04-16', 10, 22950),
(1392, '2020-04-17', 10, 22950),
(1393, '2020-04-18', 10, 22950),
(1394, '2020-04-19', 10, 22950),
(1395, '2020-04-20', 10, 22950),
(1396, '2020-04-21', 10, 22950),
(1397, '2020-04-22', 10, 22950),
(1398, '2020-04-23', 10, 22950),
(1399, '2020-04-24', 10, 22950),
(1400, '2020-04-25', 10, 22950),
(1401, '2020-04-26', 10, 22950),
(1402, '2020-04-27', 10, 22950),
(1403, '2020-04-28', 10, 22950),
(1404, '2020-04-29', 10, 22950),
(1405, '2020-04-30', 10, 22950),
(1406, '2020-05-01', 4, 6950),
(1407, '2020-05-02', 4, 6950),
(1408, '2020-05-03', 4, 6950),
(1409, '2020-05-04', 4, 6950),
(1410, '2020-05-05', 4, 6950),
(1411, '2020-05-06', 4, 6950),
(1412, '2020-05-07', 4, 6950),
(1413, '2020-05-08', 4, 6950),
(1414, '2020-05-09', 4, 6950),
(1415, '2020-05-10', 4, 6950),
(1416, '2020-05-11', 4, 6950),
(1417, '2020-05-12', 4, 6950),
(1418, '2020-05-13', 4, 6950),
(1419, '2020-05-14', 4, 6950),
(1420, '2020-05-15', 4, 6950),
(1421, '2020-05-01', 6, 12950),
(1422, '2020-05-02', 6, 12950),
(1423, '2020-05-03', 6, 12950),
(1424, '2020-05-04', 6, 12950),
(1425, '2020-05-05', 6, 12950),
(1426, '2020-05-06', 6, 12950),
(1427, '2020-05-07', 6, 12950),
(1428, '2020-05-08', 6, 12950),
(1429, '2020-05-09', 6, 12950),
(1430, '2020-05-10', 6, 12950),
(1431, '2020-05-11', 6, 12950),
(1432, '2020-05-12', 6, 12950),
(1433, '2020-05-13', 6, 12950),
(1434, '2020-05-14', 6, 12950),
(1435, '2020-05-15', 6, 12950),
(1436, '2020-05-01', 7, 13950),
(1437, '2020-05-02', 7, 13950),
(1438, '2020-05-03', 7, 13950),
(1439, '2020-05-04', 7, 13950),
(1440, '2020-05-05', 7, 13950),
(1441, '2020-05-06', 7, 13950),
(1442, '2020-05-07', 7, 13950),
(1443, '2020-05-08', 7, 13950),
(1444, '2020-05-09', 7, 13950),
(1445, '2020-05-10', 7, 13950),
(1446, '2020-05-11', 7, 13950),
(1447, '2020-05-12', 7, 13950),
(1448, '2020-05-13', 7, 13950),
(1449, '2020-05-14', 7, 13950),
(1450, '2020-05-15', 7, 13950),
(1451, '2020-05-01', 8, 15950),
(1452, '2020-05-02', 8, 15950),
(1453, '2020-05-03', 8, 15950),
(1454, '2020-05-04', 8, 15950),
(1455, '2020-05-05', 8, 15950),
(1456, '2020-05-06', 8, 15950),
(1457, '2020-05-07', 8, 15950),
(1458, '2020-05-08', 8, 15950),
(1459, '2020-05-09', 8, 15950),
(1460, '2020-05-10', 8, 15950),
(1461, '2020-05-11', 8, 15950),
(1462, '2020-05-12', 8, 15950),
(1463, '2020-05-13', 8, 15950),
(1464, '2020-05-14', 8, 15950),
(1465, '2020-05-15', 8, 15950),
(1466, '2020-05-01', 9, 14950),
(1467, '2020-05-02', 9, 14950),
(1468, '2020-05-03', 9, 14950),
(1469, '2020-05-04', 9, 14950),
(1470, '2020-05-05', 9, 14950),
(1471, '2020-05-06', 9, 14950),
(1472, '2020-05-07', 9, 14950),
(1473, '2020-05-08', 9, 14950),
(1474, '2020-05-09', 9, 14950),
(1475, '2020-05-10', 9, 14950),
(1476, '2020-05-11', 9, 14950),
(1477, '2020-05-12', 9, 14950),
(1478, '2020-05-13', 9, 14950),
(1479, '2020-05-14', 9, 14950),
(1480, '2020-05-15', 9, 14950),
(1481, '2020-05-01', 10, 22950),
(1482, '2020-05-02', 10, 22950),
(1483, '2020-05-03', 10, 22950),
(1484, '2020-05-04', 10, 22950),
(1485, '2020-05-05', 10, 22950),
(1486, '2020-05-06', 10, 22950),
(1487, '2020-05-07', 10, 22950),
(1488, '2020-05-08', 10, 22950),
(1489, '2020-05-09', 10, 22950),
(1490, '2020-05-10', 10, 22950),
(1491, '2020-05-11', 10, 22950),
(1492, '2020-05-12', 10, 22950),
(1493, '2020-05-13', 10, 22950),
(1494, '2020-05-14', 10, 22950),
(1495, '2020-05-15', 10, 22950),
(1496, '2020-05-01', 11, 7950),
(1497, '2020-05-02', 11, 7950),
(1498, '2020-05-03', 11, 7950),
(1499, '2020-05-04', 11, 7950),
(1500, '2020-05-05', 11, 7950),
(1501, '2020-05-06', 11, 7950),
(1502, '2020-05-07', 11, 7950),
(1503, '2020-05-08', 11, 7950),
(1504, '2020-05-09', 11, 7950),
(1505, '2020-05-10', 11, 7950),
(1506, '2020-05-11', 11, 7950),
(1507, '2020-05-12', 11, 7950),
(1508, '2020-05-13', 11, 7950),
(1509, '2020-05-14', 11, 7950),
(1510, '2020-05-15', 11, 7950),
(1511, '2020-05-16', 4, 4550),
(1512, '2020-05-17', 4, 4550),
(1513, '2020-05-18', 4, 4550),
(1514, '2020-05-19', 4, 4550),
(1515, '2020-05-20', 4, 4550),
(1516, '2020-05-21', 4, 4550),
(1517, '2020-05-22', 4, 4550),
(1518, '2020-05-23', 4, 4550),
(1519, '2020-05-24', 4, 4550),
(1520, '2020-05-25', 4, 4550),
(1521, '2020-05-26', 4, 4550),
(1522, '2020-05-27', 4, 4550),
(1523, '2020-05-28', 4, 4550),
(1524, '2020-05-29', 4, 4550),
(1525, '2020-05-30', 4, 4550),
(1526, '2020-05-31', 4, 4550),
(1527, '2020-05-16', 6, 8650),
(1528, '2020-05-17', 6, 8650),
(1529, '2020-05-18', 6, 8650),
(1530, '2020-05-19', 6, 8650),
(1531, '2020-05-20', 6, 8650),
(1532, '2020-05-21', 6, 8650),
(1533, '2020-05-22', 6, 8650),
(1534, '2020-05-23', 6, 8650),
(1535, '2020-05-24', 6, 8650),
(1536, '2020-05-25', 6, 8650),
(1537, '2020-05-26', 6, 8650),
(1538, '2020-05-27', 6, 8650),
(1539, '2020-05-28', 6, 8650),
(1540, '2020-05-29', 6, 8650),
(1541, '2020-05-30', 6, 8650),
(1542, '2020-05-31', 6, 8650),
(1543, '2020-05-16', 7, 9950),
(1544, '2020-05-17', 7, 9950),
(1545, '2020-05-18', 7, 9950),
(1546, '2020-05-19', 7, 9950),
(1547, '2020-05-20', 7, 9950),
(1548, '2020-05-21', 7, 9950),
(1549, '2020-05-22', 7, 9950),
(1550, '2020-05-23', 7, 9950),
(1551, '2020-05-24', 7, 9950),
(1552, '2020-05-25', 7, 9950),
(1553, '2020-05-26', 7, 9950),
(1554, '2020-05-27', 7, 9950),
(1555, '2020-05-28', 7, 9950),
(1556, '2020-05-29', 7, 9950),
(1557, '2020-05-30', 7, 9950),
(1558, '2020-05-31', 7, 9950),
(1559, '2020-05-16', 8, 11950),
(1560, '2020-05-17', 8, 11950),
(1561, '2020-05-18', 8, 11950),
(1562, '2020-05-19', 8, 11950),
(1563, '2020-05-20', 8, 11950),
(1564, '2020-05-21', 8, 11950),
(1565, '2020-05-22', 8, 11950),
(1566, '2020-05-23', 8, 11950),
(1567, '2020-05-24', 8, 11950),
(1568, '2020-05-25', 8, 11950),
(1569, '2020-05-26', 8, 11950),
(1570, '2020-05-27', 8, 11950),
(1571, '2020-05-28', 8, 11950),
(1572, '2020-05-29', 8, 11950),
(1573, '2020-05-30', 8, 11950),
(1574, '2020-05-31', 8, 11950),
(1575, '2020-05-16', 9, 10950),
(1576, '2020-05-17', 9, 10950),
(1577, '2020-05-18', 9, 10950),
(1578, '2020-05-19', 9, 10950),
(1579, '2020-05-20', 9, 10950),
(1580, '2020-05-21', 9, 10950),
(1581, '2020-05-22', 9, 10950),
(1582, '2020-05-23', 9, 10950),
(1583, '2020-05-24', 9, 10950),
(1584, '2020-05-25', 9, 10950),
(1585, '2020-05-26', 9, 10950),
(1586, '2020-05-27', 9, 10950),
(1587, '2020-05-28', 9, 10950),
(1588, '2020-05-29', 9, 10950),
(1589, '2020-05-30', 9, 10950),
(1590, '2020-05-31', 9, 10950),
(1591, '2020-05-16', 10, 17950),
(1592, '2020-05-17', 10, 17950),
(1593, '2020-05-18', 10, 17950),
(1594, '2020-05-19', 10, 17950),
(1595, '2020-05-20', 10, 17950),
(1596, '2020-05-21', 10, 17950),
(1597, '2020-05-22', 10, 17950),
(1598, '2020-05-23', 10, 17950),
(1599, '2020-05-24', 10, 17950),
(1600, '2020-05-25', 10, 17950),
(1601, '2020-05-26', 10, 17950),
(1602, '2020-05-27', 10, 17950),
(1603, '2020-05-28', 10, 17950),
(1604, '2020-05-29', 10, 17950),
(1605, '2020-05-30', 10, 17950),
(1606, '2020-05-31', 10, 17950),
(1607, '2020-05-16', 11, 5550),
(1608, '2020-05-17', 11, 5550),
(1609, '2020-05-18', 11, 5550),
(1610, '2020-05-19', 11, 5550),
(1611, '2020-05-20', 11, 5550),
(1612, '2020-05-21', 11, 5550),
(1613, '2020-05-22', 11, 5550),
(1614, '2020-05-23', 11, 5550),
(1615, '2020-05-24', 11, 5550),
(1616, '2020-05-25', 11, 5550),
(1617, '2020-05-26', 11, 5550),
(1618, '2020-05-27', 11, 5550),
(1619, '2020-05-28', 11, 5550),
(1620, '2020-05-29', 11, 5550),
(1621, '2020-05-30', 11, 5550),
(1622, '2020-05-31', 11, 5550),
(1623, '2020-06-01', 4, 4550),
(1624, '2020-06-02', 4, 4550),
(1625, '2020-06-03', 4, 4550),
(1626, '2020-06-04', 4, 4550),
(1627, '2020-06-05', 4, 4550),
(1628, '2020-06-06', 4, 4550),
(1629, '2020-06-07', 4, 4550),
(1630, '2020-06-08', 4, 4550),
(1631, '2020-06-09', 4, 4550),
(1632, '2020-06-10', 4, 4550),
(1633, '2020-06-11', 4, 4550),
(1634, '2020-06-12', 4, 4550),
(1635, '2020-06-13', 4, 4550),
(1636, '2020-06-14', 4, 4550),
(1637, '2020-06-15', 4, 4550),
(1638, '2020-06-16', 4, 4550),
(1639, '2020-06-17', 4, 4550),
(1640, '2020-06-18', 4, 4550),
(1641, '2020-06-19', 4, 4550),
(1642, '2020-06-20', 4, 4550),
(1643, '2020-06-21', 4, 4550),
(1644, '2020-06-22', 4, 4550),
(1645, '2020-06-23', 4, 4550),
(1646, '2020-06-24', 4, 4550),
(1647, '2020-06-25', 4, 4550),
(1648, '2020-06-26', 4, 4550),
(1649, '2020-06-27', 4, 4550),
(1650, '2020-06-28', 4, 4550),
(1651, '2020-06-29', 4, 4550),
(1652, '2020-06-30', 4, 4550),
(1653, '2020-06-01', 11, 5550),
(1654, '2020-06-02', 11, 5550),
(1655, '2020-06-03', 11, 5550),
(1656, '2020-06-04', 11, 5550),
(1657, '2020-06-05', 11, 5550),
(1658, '2020-06-06', 11, 5550),
(1659, '2020-06-07', 11, 5550),
(1660, '2020-06-08', 11, 5550),
(1661, '2020-06-09', 11, 5550),
(1662, '2020-06-10', 11, 5550),
(1663, '2020-06-11', 11, 5550),
(1664, '2020-06-12', 11, 5550),
(1665, '2020-06-13', 11, 5550),
(1666, '2020-06-14', 11, 5550),
(1667, '2020-06-15', 11, 5550),
(1668, '2020-06-16', 11, 5550),
(1669, '2020-06-17', 11, 5550),
(1670, '2020-06-18', 11, 5550),
(1671, '2020-06-19', 11, 5550),
(1672, '2020-06-20', 11, 5550),
(1673, '2020-06-21', 11, 5550),
(1674, '2020-06-22', 11, 5550),
(1675, '2020-06-23', 11, 5550),
(1676, '2020-06-24', 11, 5550),
(1677, '2020-06-25', 11, 5550),
(1678, '2020-06-26', 11, 5550),
(1679, '2020-06-27', 11, 5550),
(1680, '2020-06-28', 11, 5550),
(1681, '2020-06-29', 11, 5550),
(1682, '2020-06-30', 11, 5550),
(1683, '2020-06-01', 9, 10950),
(1684, '2020-06-02', 9, 10950),
(1685, '2020-06-03', 9, 10950),
(1686, '2020-06-04', 9, 10950),
(1687, '2020-06-05', 9, 10950),
(1688, '2020-06-06', 9, 10950),
(1689, '2020-06-07', 9, 10950),
(1690, '2020-06-08', 9, 10950),
(1691, '2020-06-09', 9, 10950),
(1692, '2020-06-10', 9, 10950),
(1693, '2020-06-11', 9, 10950),
(1694, '2020-06-12', 9, 10950),
(1695, '2020-06-13', 9, 10950),
(1696, '2020-06-14', 9, 10950),
(1697, '2020-06-15', 9, 10950),
(1698, '2020-06-16', 9, 10950),
(1699, '2020-06-17', 9, 10950),
(1700, '2020-06-18', 9, 10950),
(1701, '2020-06-19', 9, 10950),
(1702, '2020-06-20', 9, 10950),
(1703, '2020-06-21', 9, 10950),
(1704, '2020-06-22', 9, 10950),
(1705, '2020-06-23', 9, 10950),
(1706, '2020-06-24', 9, 10950),
(1707, '2020-06-25', 9, 10950),
(1708, '2020-06-26', 9, 10950),
(1709, '2020-06-27', 9, 10950),
(1710, '2020-06-28', 9, 10950),
(1711, '2020-06-29', 9, 10950),
(1712, '2020-06-30', 9, 10950),
(1713, '2020-07-01', 4, 4550),
(1714, '2020-07-02', 4, 4550),
(1715, '2020-07-03', 4, 4550),
(1716, '2020-07-04', 4, 4550),
(1717, '2020-07-05', 4, 4550),
(1718, '2020-07-06', 4, 4550),
(1719, '2020-07-07', 4, 4550),
(1720, '2020-07-08', 4, 4550),
(1721, '2020-07-09', 4, 4550);
INSERT INTO `priceroom` (`id_priceroom`, `date_start`, `ID_room`, `price_room`) VALUES
(1722, '2020-07-10', 4, 4550),
(1723, '2020-07-11', 4, 4550),
(1724, '2020-07-12', 4, 4550),
(1725, '2020-07-13', 4, 4550),
(1726, '2020-07-14', 4, 4550),
(1727, '2020-07-15', 4, 4550),
(1728, '2020-07-16', 4, 4550),
(1729, '2020-07-17', 4, 4550),
(1730, '2020-07-18', 4, 4550),
(1731, '2020-07-19', 4, 4550),
(1732, '2020-07-20', 4, 4550),
(1733, '2020-07-21', 4, 4550),
(1734, '2020-07-22', 4, 4550),
(1735, '2020-07-23', 4, 4550),
(1736, '2020-07-24', 4, 4550),
(1737, '2020-07-25', 4, 4550),
(1738, '2020-07-26', 4, 4550),
(1739, '2020-07-27', 4, 4550),
(1740, '2020-07-28', 4, 4550),
(1741, '2020-07-29', 4, 4550),
(1742, '2020-07-30', 4, 4550),
(1743, '2020-07-31', 4, 4550),
(1744, '2020-07-01', 11, 5550),
(1745, '2020-07-02', 11, 5550),
(1746, '2020-07-03', 11, 5550),
(1747, '2020-07-04', 11, 5550),
(1748, '2020-07-05', 11, 5550),
(1749, '2020-07-06', 11, 5550),
(1750, '2020-07-07', 11, 5550),
(1751, '2020-07-08', 11, 5550),
(1752, '2020-07-09', 11, 5550),
(1753, '2020-07-10', 11, 5550),
(1754, '2020-07-11', 11, 5550),
(1755, '2020-07-12', 11, 5550),
(1756, '2020-07-13', 11, 5550),
(1757, '2020-07-14', 11, 5550),
(1758, '2020-07-15', 11, 5550),
(1759, '2020-07-16', 11, 5550),
(1760, '2020-07-17', 11, 5550),
(1761, '2020-07-18', 11, 5550),
(1762, '2020-07-19', 11, 5550),
(1763, '2020-07-20', 11, 5550),
(1764, '2020-07-21', 11, 5550),
(1765, '2020-07-22', 11, 5550),
(1766, '2020-07-23', 11, 5550),
(1767, '2020-07-24', 11, 5550),
(1768, '2020-07-25', 11, 5550),
(1769, '2020-07-26', 11, 5550),
(1770, '2020-07-27', 11, 5550),
(1771, '2020-07-28', 11, 5550),
(1772, '2020-07-29', 11, 5550),
(1773, '2020-07-30', 11, 5550),
(1774, '2020-07-31', 11, 5550),
(1775, '2020-07-01', 9, 10950),
(1776, '2020-07-02', 9, 10950),
(1777, '2020-07-03', 9, 10950),
(1778, '2020-07-04', 9, 10950),
(1779, '2020-07-05', 9, 10950),
(1780, '2020-07-06', 9, 10950),
(1781, '2020-07-07', 9, 10950),
(1782, '2020-07-08', 9, 10950),
(1783, '2020-07-09', 9, 10950),
(1784, '2020-07-10', 9, 10950),
(1785, '2020-07-11', 9, 10950),
(1786, '2020-07-12', 9, 10950),
(1787, '2020-07-13', 9, 10950),
(1788, '2020-07-14', 9, 10950),
(1789, '2020-07-15', 9, 10950),
(1790, '2020-07-16', 9, 10950),
(1791, '2020-07-17', 9, 10950),
(1792, '2020-07-18', 9, 10950),
(1793, '2020-07-19', 9, 10950),
(1794, '2020-07-20', 9, 10950),
(1795, '2020-07-21', 9, 10950),
(1796, '2020-07-22', 9, 10950),
(1797, '2020-07-23', 9, 10950),
(1798, '2020-07-24', 9, 10950),
(1799, '2020-07-25', 9, 10950),
(1800, '2020-07-26', 9, 10950),
(1801, '2020-07-27', 9, 10950),
(1802, '2020-07-28', 9, 10950),
(1803, '2020-07-29', 9, 10950),
(1804, '2020-07-30', 9, 10950),
(1805, '2020-07-31', 9, 10950),
(1806, '2020-08-01', 4, 4550),
(1807, '2020-08-02', 4, 4550),
(1808, '2020-08-03', 4, 4550),
(1809, '2020-08-04', 4, 4550),
(1810, '2020-08-05', 4, 4550),
(1811, '2020-08-06', 4, 4550),
(1812, '2020-08-07', 4, 4550),
(1813, '2020-08-08', 4, 4550),
(1814, '2020-08-09', 4, 4550),
(1815, '2020-08-10', 4, 4550),
(1816, '2020-08-11', 4, 4550),
(1817, '2020-08-12', 4, 4550),
(1818, '2020-08-13', 4, 4550),
(1819, '2020-08-14', 4, 4550),
(1820, '2020-08-15', 4, 4550),
(1821, '2020-08-16', 4, 4550),
(1822, '2020-08-17', 4, 4550),
(1823, '2020-08-18', 4, 4550),
(1824, '2020-08-19', 4, 4550),
(1825, '2020-08-20', 4, 4550),
(1826, '2020-08-21', 4, 4550),
(1827, '2020-08-22', 4, 4550),
(1828, '2020-08-23', 4, 4550),
(1829, '2020-08-24', 4, 4550),
(1830, '2020-08-25', 4, 4550),
(1831, '2020-08-26', 4, 4550),
(1832, '2020-08-27', 4, 4550),
(1833, '2020-08-28', 4, 4550),
(1834, '2020-08-29', 4, 4550),
(1835, '2020-08-30', 4, 4550),
(1836, '2020-08-31', 4, 4550),
(1837, '2020-09-01', 4, 4550),
(1838, '2020-09-02', 4, 4550),
(1839, '2020-09-03', 4, 4550),
(1840, '2020-09-04', 4, 4550),
(1841, '2020-09-05', 4, 4550),
(1842, '2020-09-06', 4, 4550),
(1843, '2020-09-07', 4, 4550),
(1844, '2020-09-08', 4, 4550),
(1845, '2020-09-09', 4, 4550),
(1846, '2020-09-10', 4, 4550),
(1847, '2020-09-11', 4, 4550),
(1848, '2020-09-12', 4, 4550),
(1849, '2020-09-13', 4, 4550),
(1850, '2020-09-14', 4, 4550),
(1851, '2020-09-15', 4, 4550),
(1852, '2020-09-16', 4, 4550),
(1853, '2020-09-17', 4, 4550),
(1854, '2020-09-18', 4, 4550),
(1855, '2020-09-19', 4, 4550),
(1856, '2020-09-20', 4, 4550),
(1857, '2020-09-21', 4, 4550),
(1858, '2020-09-22', 4, 4550),
(1859, '2020-09-23', 4, 4550),
(1860, '2020-09-24', 4, 4550),
(1861, '2020-09-25', 4, 4550),
(1862, '2020-09-26', 4, 4550),
(1863, '2020-09-27', 4, 4550),
(1864, '2020-09-28', 4, 4550),
(1865, '2020-09-29', 4, 4550),
(1866, '2020-09-30', 4, 4550),
(1898, '2020-08-01', 11, 5550),
(1899, '2020-08-02', 11, 5550),
(1900, '2020-08-03', 11, 5550),
(1901, '2020-08-04', 11, 5550),
(1902, '2020-08-05', 11, 5550),
(1903, '2020-08-06', 11, 5550),
(1904, '2020-08-07', 11, 5550),
(1905, '2020-08-08', 11, 5550),
(1906, '2020-08-09', 11, 5550),
(1907, '2020-08-10', 11, 5550),
(1908, '2020-08-11', 11, 5550),
(1909, '2020-08-12', 11, 5550),
(1910, '2020-08-13', 11, 5550),
(1911, '2020-08-14', 11, 5550),
(1912, '2020-08-15', 11, 5550),
(1913, '2020-08-16', 11, 5550),
(1914, '2020-08-17', 11, 5550),
(1915, '2020-08-18', 11, 5550),
(1916, '2020-08-19', 11, 5550),
(1917, '2020-08-20', 11, 5550),
(1918, '2020-08-21', 11, 5550),
(1919, '2020-08-22', 11, 5550),
(1920, '2020-08-23', 11, 5550),
(1921, '2020-08-24', 11, 5550),
(1922, '2020-08-25', 11, 5550),
(1923, '2020-08-26', 11, 5550),
(1924, '2020-08-27', 11, 5550),
(1925, '2020-08-28', 11, 5550),
(1926, '2020-08-29', 11, 5550),
(1927, '2020-08-30', 11, 5550),
(1928, '2020-08-31', 11, 5550),
(1929, '2020-09-01', 11, 5550),
(1930, '2020-09-02', 11, 5550),
(1931, '2020-09-03', 11, 5550),
(1932, '2020-09-04', 11, 5550),
(1933, '2020-09-05', 11, 5550),
(1934, '2020-09-06', 11, 5550),
(1935, '2020-09-07', 11, 5550),
(1936, '2020-09-08', 11, 5550),
(1937, '2020-09-09', 11, 5550),
(1938, '2020-09-10', 11, 5550),
(1939, '2020-09-11', 11, 5550),
(1940, '2020-09-12', 11, 5550),
(1941, '2020-09-13', 11, 5550),
(1942, '2020-09-14', 11, 5550),
(1943, '2020-09-15', 11, 5550),
(1944, '2020-09-16', 11, 5550),
(1945, '2020-09-17', 11, 5550),
(1946, '2020-09-18', 11, 5550),
(1947, '2020-09-19', 11, 5550),
(1948, '2020-09-20', 11, 5550),
(1949, '2020-09-21', 11, 5550),
(1950, '2020-09-22', 11, 5550),
(1951, '2020-09-23', 11, 5550),
(1952, '2020-09-24', 11, 5550),
(1953, '2020-09-25', 11, 5550),
(1954, '2020-09-26', 11, 5550),
(1955, '2020-09-27', 11, 5550),
(1956, '2020-09-28', 11, 5550),
(1957, '2020-09-29', 11, 5550),
(1958, '2020-09-30', 11, 5550),
(1990, '2020-08-01', 9, 10950),
(1991, '2020-08-02', 9, 10950),
(1992, '2020-08-03', 9, 10950),
(1993, '2020-08-04', 9, 10950),
(1994, '2020-08-05', 9, 10950),
(1995, '2020-08-06', 9, 10950),
(1996, '2020-08-07', 9, 10950),
(1997, '2020-08-08', 9, 10950),
(1998, '2020-08-09', 9, 10950),
(1999, '2020-08-10', 9, 10950),
(2000, '2020-08-11', 9, 10950),
(2001, '2020-08-12', 9, 10950),
(2002, '2020-08-13', 9, 10950),
(2003, '2020-08-14', 9, 10950),
(2004, '2020-08-15', 9, 10950),
(2005, '2020-08-16', 9, 10950),
(2006, '2020-08-17', 9, 10950),
(2007, '2020-08-18', 9, 10950),
(2008, '2020-08-19', 9, 10950),
(2009, '2020-08-20', 9, 10950),
(2010, '2020-08-21', 9, 10950),
(2011, '2020-08-22', 9, 10950),
(2012, '2020-08-23', 9, 10950),
(2013, '2020-08-24', 9, 10950),
(2014, '2020-08-25', 9, 10950),
(2015, '2020-08-26', 9, 10950),
(2016, '2020-08-27', 9, 10950),
(2017, '2020-08-28', 9, 10950),
(2018, '2020-08-29', 9, 10950),
(2019, '2020-08-30', 9, 10950),
(2020, '2020-08-31', 9, 10950),
(2021, '2020-09-01', 9, 10950),
(2022, '2020-09-02', 9, 10950),
(2023, '2020-09-03', 9, 10950),
(2024, '2020-09-04', 9, 10950),
(2025, '2020-09-05', 9, 10950),
(2026, '2020-09-06', 9, 10950),
(2027, '2020-09-07', 9, 10950),
(2028, '2020-09-08', 9, 10950),
(2029, '2020-09-09', 9, 10950),
(2030, '2020-09-10', 9, 10950),
(2031, '2020-09-11', 9, 10950),
(2032, '2020-09-12', 9, 10950),
(2033, '2020-09-13', 9, 10950),
(2034, '2020-09-14', 9, 10950),
(2035, '2020-09-15', 9, 10950),
(2036, '2020-09-16', 9, 10950),
(2037, '2020-09-17', 9, 10950),
(2038, '2020-09-18', 9, 10950),
(2039, '2020-09-19', 9, 10950),
(2040, '2020-09-20', 9, 10950),
(2041, '2020-09-21', 9, 10950),
(2042, '2020-09-22', 9, 10950),
(2043, '2020-09-23', 9, 10950),
(2044, '2020-09-24', 9, 10950),
(2045, '2020-09-25', 9, 10950),
(2046, '2020-09-26', 9, 10950),
(2047, '2020-09-27', 9, 10950),
(2048, '2020-09-28', 9, 10950),
(2049, '2020-09-29', 9, 10950),
(2050, '2020-09-30', 9, 10950),
(2083, '2020-10-01', 4, 5520),
(2084, '2020-10-02', 4, 5520),
(2085, '2020-10-03', 4, 5520),
(2086, '2020-10-04', 4, 5520),
(2087, '2020-10-05', 4, 5520),
(2088, '2020-10-06', 4, 5520),
(2089, '2020-10-07', 4, 5520),
(2090, '2020-10-08', 4, 5520),
(2091, '2020-10-09', 4, 5520),
(2092, '2020-10-10', 4, 5520),
(2093, '2020-10-11', 4, 5520),
(2094, '2020-10-12', 4, 5520),
(2095, '2020-10-13', 4, 5520),
(2096, '2020-10-14', 4, 5520),
(2097, '2020-10-15', 4, 5520),
(2098, '2020-10-16', 4, 5520),
(2099, '2020-10-17', 4, 5520),
(2100, '2020-10-18', 4, 5520),
(2101, '2020-10-19', 4, 5520),
(2102, '2020-10-20', 4, 5520),
(2103, '2020-10-21', 4, 5520),
(2104, '2020-10-22', 4, 5520),
(2105, '2020-10-23', 4, 5520),
(2106, '2020-10-24', 4, 5520),
(2107, '2020-10-25', 4, 5520),
(2108, '2020-10-26', 4, 5520),
(2109, '2020-10-27', 4, 5520),
(2110, '2020-10-28', 4, 5520),
(2111, '2020-10-29', 4, 5520),
(2112, '2020-10-30', 4, 5520),
(2113, '2020-10-31', 4, 5520),
(2114, '2020-10-01', 9, 11100),
(2115, '2020-10-02', 9, 11100),
(2116, '2020-10-03', 9, 11100),
(2117, '2020-10-04', 9, 11100),
(2118, '2020-10-05', 9, 11100),
(2119, '2020-10-06', 9, 11100),
(2120, '2020-10-07', 9, 11100),
(2121, '2020-10-08', 9, 11100),
(2122, '2020-10-09', 9, 11100),
(2123, '2020-10-10', 9, 11100),
(2124, '2020-10-11', 9, 11100),
(2125, '2020-10-12', 9, 11100),
(2126, '2020-10-13', 9, 11100),
(2127, '2020-10-14', 9, 11100),
(2128, '2020-10-15', 9, 11100),
(2129, '2020-10-16', 9, 11100),
(2130, '2020-10-17', 9, 11100),
(2131, '2020-10-18', 9, 11100),
(2132, '2020-10-19', 9, 11100),
(2133, '2020-10-20', 9, 11100),
(2134, '2020-10-21', 9, 11100),
(2135, '2020-10-22', 9, 11100),
(2136, '2020-10-23', 9, 11100),
(2137, '2020-10-24', 9, 11100),
(2138, '2020-10-25', 9, 11100),
(2139, '2020-10-26', 9, 11100),
(2140, '2020-10-27', 9, 11100),
(2141, '2020-10-28', 9, 11100),
(2142, '2020-10-29', 9, 11100),
(2143, '2020-10-30', 9, 11100),
(2144, '2020-10-31', 9, 11100),
(2145, '2020-10-01', 11, 6360),
(2146, '2020-10-02', 11, 6360),
(2147, '2020-10-03', 11, 6360),
(2148, '2020-10-04', 11, 6360),
(2149, '2020-10-05', 11, 6360),
(2150, '2020-10-06', 11, 6360),
(2151, '2020-10-07', 11, 6360),
(2152, '2020-10-08', 11, 6360),
(2153, '2020-10-09', 11, 6360),
(2154, '2020-10-10', 11, 6360),
(2155, '2020-10-11', 11, 6360),
(2156, '2020-10-12', 11, 6360),
(2157, '2020-10-13', 11, 6360),
(2158, '2020-10-14', 11, 6360),
(2159, '2020-10-15', 11, 6360),
(2160, '2020-10-16', 11, 6360),
(2161, '2020-10-17', 11, 6360),
(2162, '2020-10-18', 11, 6360),
(2163, '2020-10-19', 11, 6360),
(2164, '2020-10-20', 11, 6360),
(2165, '2020-10-21', 11, 6360),
(2166, '2020-10-22', 11, 6360),
(2167, '2020-10-23', 11, 6360),
(2168, '2020-10-24', 11, 6360),
(2169, '2020-10-25', 11, 6360),
(2170, '2020-10-26', 11, 6360),
(2171, '2020-10-27', 11, 6360),
(2172, '2020-10-28', 11, 6360),
(2173, '2020-10-29', 11, 6360),
(2174, '2020-10-30', 11, 6360),
(2175, '2020-10-31', 11, 6360),
(2176, '2020-12-20', 4, 6440),
(2177, '2020-12-21', 4, 7360),
(2178, '2020-12-22', 4, 7360),
(2179, '2020-12-23', 4, 7360),
(2180, '2020-12-24', 4, 7360),
(2181, '2020-12-25', 4, 7360),
(2182, '2020-12-26', 4, 7360),
(2183, '2020-12-27', 4, 7360),
(2184, '2020-12-28', 4, 7360),
(2185, '2020-12-29', 4, 7360),
(2186, '2020-12-30', 4, 7360),
(2187, '2020-12-31', 4, 7360),
(2188, '2021-01-01', 4, 7360),
(2189, '2021-01-02', 4, 7360),
(2190, '2021-01-03', 4, 7360),
(2191, '2021-01-04', 4, 7360),
(2192, '2021-01-05', 4, 7360),
(2193, '2021-01-06', 4, 7360),
(2194, '2021-01-07', 4, 7360),
(2195, '2021-01-08', 4, 7360),
(2196, '2021-01-09', 4, 7360),
(2197, '2021-01-10', 4, 7360),
(2198, '2020-12-20', 9, 12950),
(2199, '2020-12-21', 9, 14800),
(2200, '2020-12-22', 9, 14800),
(2201, '2020-12-23', 9, 14800),
(2202, '2020-12-24', 9, 14800),
(2203, '2020-12-25', 9, 14800),
(2204, '2020-12-26', 9, 14800),
(2205, '2020-12-27', 9, 14800),
(2206, '2020-12-28', 9, 14800),
(2207, '2020-12-29', 9, 14800),
(2208, '2020-12-30', 9, 14800),
(2209, '2020-12-31', 9, 14800),
(2210, '2021-01-01', 9, 14800),
(2211, '2021-01-02', 9, 14800),
(2212, '2021-01-03', 9, 14800),
(2213, '2021-01-04', 9, 14800),
(2214, '2021-01-05', 9, 14800),
(2215, '2021-01-06', 9, 14800),
(2216, '2021-01-07', 9, 14800),
(2217, '2021-01-08', 9, 14800),
(2218, '2021-01-09', 9, 14800),
(2219, '2021-01-10', 9, 14800),
(2220, '2020-12-20', 11, 7420),
(2221, '2020-12-21', 11, 8480),
(2222, '2020-12-22', 11, 8480),
(2223, '2020-12-23', 11, 8480),
(2224, '2020-12-24', 11, 8480),
(2225, '2020-12-25', 11, 8480),
(2226, '2020-12-26', 11, 8480),
(2227, '2020-12-27', 11, 8480),
(2228, '2020-12-28', 11, 8480),
(2229, '2020-12-29', 11, 8480),
(2230, '2020-12-30', 11, 8480),
(2231, '2020-12-31', 11, 8480),
(2232, '2021-01-01', 11, 8480),
(2233, '2021-01-02', 11, 8480),
(2234, '2021-01-03', 11, 8480),
(2235, '2021-01-04', 11, 8480),
(2236, '2021-01-05', 11, 8480),
(2237, '2021-01-06', 11, 8480),
(2238, '2021-01-07', 11, 8480),
(2239, '2021-01-08', 11, 8480),
(2240, '2021-01-09', 11, 8480),
(2241, '2021-01-10', 11, 8480),
(2242, '2020-11-01', 4, 6440),
(2243, '2020-11-02', 4, 6440),
(2244, '2020-11-03', 4, 6440),
(2245, '2020-11-04', 4, 6440),
(2246, '2020-11-05', 4, 6440),
(2247, '2020-11-06', 4, 6440),
(2248, '2020-11-07', 4, 6440),
(2249, '2020-11-08', 4, 6440),
(2250, '2020-11-09', 4, 6440),
(2251, '2020-11-10', 4, 6440),
(2252, '2020-11-11', 4, 6440),
(2253, '2020-11-12', 4, 6440),
(2254, '2020-11-13', 4, 6440),
(2255, '2020-11-14', 4, 6440),
(2256, '2020-11-15', 4, 6440),
(2257, '2020-11-16', 4, 6440),
(2258, '2020-11-17', 4, 6440),
(2259, '2020-11-18', 4, 6440),
(2260, '2020-11-19', 4, 6440),
(2261, '2020-11-20', 4, 6440),
(2262, '2020-11-21', 4, 6440),
(2263, '2020-11-22', 4, 6440),
(2264, '2020-11-23', 4, 6440),
(2265, '2020-11-24', 4, 6440),
(2266, '2020-11-25', 4, 6440),
(2267, '2020-11-26', 4, 6440),
(2268, '2020-11-27', 4, 6440),
(2269, '2020-11-28', 4, 6440),
(2270, '2020-11-29', 4, 6440),
(2271, '2020-11-30', 4, 6440),
(2272, '2020-12-01', 4, 6440),
(2273, '2020-12-02', 4, 6440),
(2274, '2020-12-03', 4, 6440),
(2275, '2020-12-04', 4, 6440),
(2276, '2020-12-05', 4, 6440),
(2277, '2020-12-06', 4, 6440),
(2278, '2020-12-07', 4, 6440),
(2279, '2020-12-08', 4, 6440),
(2280, '2020-12-09', 4, 6440),
(2281, '2020-12-10', 4, 6440),
(2282, '2020-12-11', 4, 6440),
(2283, '2020-12-12', 4, 6440),
(2284, '2020-12-13', 4, 6440),
(2285, '2020-12-14', 4, 6440),
(2286, '2020-12-15', 4, 6440),
(2287, '2020-12-16', 4, 6440),
(2288, '2020-12-17', 4, 6440),
(2289, '2020-12-18', 4, 6440),
(2290, '2020-12-19', 4, 6440),
(2291, '2020-11-01', 9, 12950),
(2292, '2020-11-02', 9, 12950),
(2293, '2020-11-03', 9, 12950),
(2294, '2020-11-04', 9, 12950),
(2295, '2020-11-05', 9, 12950),
(2296, '2020-11-06', 9, 12950),
(2297, '2020-11-07', 9, 12950),
(2298, '2020-11-08', 9, 12950),
(2299, '2020-11-09', 9, 12950),
(2300, '2020-11-10', 9, 12950),
(2301, '2020-11-11', 9, 12950),
(2302, '2020-11-12', 9, 12950),
(2303, '2020-11-13', 9, 12950),
(2304, '2020-11-14', 9, 12950),
(2305, '2020-11-15', 9, 12950),
(2306, '2020-11-16', 9, 12950),
(2307, '2020-11-17', 9, 12950),
(2308, '2020-11-18', 9, 12950),
(2309, '2020-11-19', 9, 12950),
(2310, '2020-11-20', 9, 12950),
(2311, '2020-11-21', 9, 12950),
(2312, '2020-11-22', 9, 12950),
(2313, '2020-11-23', 9, 12950),
(2314, '2020-11-24', 9, 12950),
(2315, '2020-11-25', 9, 12950),
(2316, '2020-11-26', 9, 12950),
(2317, '2020-11-27', 9, 12950),
(2318, '2020-11-28', 9, 12950),
(2319, '2020-11-29', 9, 12950),
(2320, '2020-11-30', 9, 12950),
(2321, '2020-12-01', 9, 12950),
(2322, '2020-12-02', 9, 12950),
(2323, '2020-12-03', 9, 12950),
(2324, '2020-12-04', 9, 12950),
(2325, '2020-12-05', 9, 12950),
(2326, '2020-12-06', 9, 12950),
(2327, '2020-12-07', 9, 12950),
(2328, '2020-12-08', 9, 12950),
(2329, '2020-12-09', 9, 12950),
(2330, '2020-12-10', 9, 12950),
(2331, '2020-12-11', 9, 12950),
(2332, '2020-12-12', 9, 12950),
(2333, '2020-12-13', 9, 12950),
(2334, '2020-12-14', 9, 12950),
(2335, '2020-12-15', 9, 12950),
(2336, '2020-12-16', 9, 12950),
(2337, '2020-12-17', 9, 12950),
(2338, '2020-12-18', 9, 12950),
(2339, '2020-12-19', 9, 12950),
(2340, '2020-11-01', 11, 7420),
(2341, '2020-11-02', 11, 7420),
(2342, '2020-11-03', 11, 7420),
(2343, '2020-11-04', 11, 7420),
(2344, '2020-11-05', 11, 7420),
(2345, '2020-11-06', 11, 7420),
(2346, '2020-11-07', 11, 7420),
(2347, '2020-11-08', 11, 7420),
(2348, '2020-11-09', 11, 7420),
(2349, '2020-11-10', 11, 7420),
(2350, '2020-11-11', 11, 7420),
(2351, '2020-11-12', 11, 7420),
(2352, '2020-11-13', 11, 7420),
(2353, '2020-11-14', 11, 7420),
(2354, '2020-11-15', 11, 7420),
(2355, '2020-11-16', 11, 7420),
(2356, '2020-11-17', 11, 7420),
(2357, '2020-11-18', 11, 7420),
(2358, '2020-11-19', 11, 7420),
(2359, '2020-11-20', 11, 7420),
(2360, '2020-11-21', 11, 7420),
(2361, '2020-11-22', 11, 7420),
(2362, '2020-11-23', 11, 7420),
(2363, '2020-11-24', 11, 7420),
(2364, '2020-11-25', 11, 7420),
(2365, '2020-11-26', 11, 7420),
(2366, '2020-11-27', 11, 7420),
(2367, '2020-11-28', 11, 7420),
(2368, '2020-11-29', 11, 7420),
(2369, '2020-11-30', 11, 7420),
(2370, '2020-12-01', 11, 7420),
(2371, '2020-12-02', 11, 7420),
(2372, '2020-12-03', 11, 7420),
(2373, '2020-12-04', 11, 7420),
(2374, '2020-12-05', 11, 7420),
(2375, '2020-12-06', 11, 7420),
(2376, '2020-12-07', 11, 7420),
(2377, '2020-12-08', 11, 7420),
(2378, '2020-12-09', 11, 7420),
(2379, '2020-12-10', 11, 7420),
(2380, '2020-12-11', 11, 7420),
(2381, '2020-12-12', 11, 7420),
(2382, '2020-12-13', 11, 7420),
(2383, '2020-12-14', 11, 7420),
(2384, '2020-12-15', 11, 7420),
(2385, '2020-12-16', 11, 7420),
(2386, '2020-12-17', 11, 7420),
(2387, '2020-12-18', 11, 7420),
(2388, '2020-12-19', 11, 7420);

-- --------------------------------------------------------

--
-- Table structure for table `promotion`
--

CREATE TABLE `promotion` (
  `ID_pro` int(11) NOT NULL,
  `code` varchar(30) NOT NULL,
  `percent` int(2) NOT NULL,
  `status` int(1) NOT NULL,
  `s_date` date NOT NULL,
  `e_date` date NOT NULL,
  `s_checkin` date NOT NULL,
  `e_checkin` date NOT NULL,
  `num` int(11) NOT NULL,
  `e_num` int(11) NOT NULL
) ENGINE=InnoDB DEFAULT CHARSET=utf8;

--
-- Dumping data for table `promotion`
--

INSERT INTO `promotion` (`ID_pro`, `code`, `percent`, `status`, `s_date`, `e_date`, `s_checkin`, `e_checkin`, `num`, `e_num`) VALUES
(17, 'ANANYA', 20, 1, '2019-12-04', '2019-12-19', '2019-12-04', '2019-12-19', 1000, 0),
(18, 'ANANYALIPE', 20, 1, '2019-12-04', '2020-12-19', '2020-01-11', '2020-12-19', 1000, 0),
(19, 'valentine', 1500, 1, '2020-02-01', '2020-02-29', '2020-02-10', '2020-10-15', 1000, 0);

-- --------------------------------------------------------

--
-- Table structure for table `room`
--

CREATE TABLE `room` (
  `ID_room` int(11) NOT NULL,
  `name_room_th` varchar(100) NOT NULL,
  `name_room_en` varchar(100) NOT NULL,
  `name_room_cn` varchar(100) NOT NULL,
  `detail_room_th` varchar(10000) NOT NULL,
  `detail_room_en` varchar(10000) NOT NULL,
  `detail_room_cn` text NOT NULL,
  `price_room` int(4) NOT NULL,
  `total_room` int(2) NOT NULL,
  `image_room` varchar(50) NOT NULL
) ENGINE=InnoDB DEFAULT CHARSET=utf8;

--
-- Dumping data for table `room`
--

INSERT INTO `room` (`ID_room`, `name_room_th`, `name_room_en`, `name_room_cn`, `detail_room_th`, `detail_room_en`, `detail_room_cn`, `price_room`, `total_room`, `image_room`) VALUES
(4, 'ดีลักซ์ พลู วิว', 'Deluxe Pool View', '', '', '', '', 4450, 5, 'DSC_7411.jpg'),
(6, 'รอยัล สูท พาโนรามิค วิว', 'Royal Suite Panoramic View', '', '', '', '', 8650, 0, 'DSC_7395.jpg'),
(7, 'รอยัล สูท พูล วิว', 'Royal Suite Pool View', '', '', '', '', 9650, 0, '20190704_๑๙๐๗๒๔_0015.jpg'),
(8, 'รอยัล สูท ซีวิว', 'Royal Suite SeaView', '', '', '', '', 11950, 0, '20190704_๑๙๐๗๒๔_0003.jpg'),
(9, 'แฟมิลี่ สูท พูล แอคเซส', 'Family Suite Pool Access', '', '', '', '', 10950, 0, '20190704_๑๙๐๗๒๔_0003.jpg'),
(10, 'แกรนด์ รอยัล สูท ซีวิว', 'Grand Royal Suite SeaView', '', '', '', '', 17950, 0, '20190704_๑๙๐๗๒๔_0003.jpg'),
(11, 'ดีลักซ์ พลู แอคเซส', 'Deluxe Pool Access', '', '', '', '', 5550, 5, 'Deluxe Pool Access_191031_0002.jpg');

-- --------------------------------------------------------

--
-- Table structure for table `tb_fac`
--

CREATE TABLE `tb_fac` (
  `id_fac` int(3) NOT NULL,
  `name_fac_th` varchar(30) NOT NULL,
  `name_fac_en` varchar(30) NOT NULL,
  `name_fac_cn` varchar(30) NOT NULL
) ENGINE=InnoDB DEFAULT CHARSET=utf8;

--
-- Dumping data for table `tb_fac`
--

INSERT INTO `tb_fac` (`id_fac`, `name_fac_th`, `name_fac_en`, `name_fac_cn`) VALUES
(1, 'wifi ', 'wifi ', 'wifi'),
(2, 'kingsizebed ', 'kingsizebed ', 'kingsizebed'),
(3, 'bathtub ', 'bathtub ', 'bathtub'),
(4, 'coffee ', 'coffee ', 'coffee'),
(5, 'fridge ', 'fridge ', 'fridge'),
(6, 'hairdryer ', 'hairdryer ', 'hairdryer'),
(7, 'airconditioning ', 'airconditioning ', 'airconditioning'),
(8, 'microwave ', 'microwave ', 'microwave'),
(9, 'towels ', 'towels ', 'towels'),
(10, 'toiletries ', 'toiletries ', 'toiletries');

--
-- Indexes for dumped tables
--

--
-- Indexes for table `adminlog`
--
ALTER TABLE `adminlog`
  ADD PRIMARY KEY (`UserID`),
  ADD UNIQUE KEY `Username` (`Username`);

--
-- Indexes for table `bg`
--
ALTER TABLE `bg`
  ADD PRIMARY KEY (`id`);

--
-- Indexes for table `booking`
--
ALTER TABLE `booking`
  ADD PRIMARY KEY (`ID_booking`);

--
-- Indexes for table `facilties`
--
ALTER TABLE `facilties`
  ADD PRIMARY KEY (`ID_fa`);

--
-- Indexes for table `fontweb`
--
ALTER TABLE `fontweb`
  ADD PRIMARY KEY (`ID_fontweb`);

--
-- Indexes for table `gallery360`
--
ALTER TABLE `gallery360`
  ADD PRIMARY KEY (`ID_360`);

--
-- Indexes for table `img_room`
--
ALTER TABLE `img_room`
  ADD PRIMARY KEY (`ID_imgroom`);

--
-- Indexes for table `line_account`
--
ALTER TABLE `line_account`
  ADD PRIMARY KEY (`id`);

--
-- Indexes for table `package`
--
ALTER TABLE `package`
  ADD PRIMARY KEY (`id_package`);

--
-- Indexes for table `priceroom`
--
ALTER TABLE `priceroom`
  ADD PRIMARY KEY (`id_priceroom`);

--
-- Indexes for table `promotion`
--
ALTER TABLE `promotion`
  ADD PRIMARY KEY (`ID_pro`);

--
-- Indexes for table `room`
--
ALTER TABLE `room`
  ADD PRIMARY KEY (`ID_room`);

--
-- Indexes for table `tb_fac`
--
ALTER TABLE `tb_fac`
  ADD PRIMARY KEY (`id_fac`);

--
-- AUTO_INCREMENT for dumped tables
--

--
-- AUTO_INCREMENT for table `adminlog`
--
ALTER TABLE `adminlog`
  MODIFY `UserID` int(3) UNSIGNED ZEROFILL NOT NULL AUTO_INCREMENT, AUTO_INCREMENT=5;

--
-- AUTO_INCREMENT for table `bg`
--
ALTER TABLE `bg`
  MODIFY `id` int(11) NOT NULL AUTO_INCREMENT, AUTO_INCREMENT=96;

--
-- AUTO_INCREMENT for table `booking`
--
ALTER TABLE `booking`
  MODIFY `ID_booking` int(11) NOT NULL AUTO_INCREMENT, AUTO_INCREMENT=201;

--
-- AUTO_INCREMENT for table `facilties`
--
ALTER TABLE `facilties`
  MODIFY `ID_fa` int(11) NOT NULL AUTO_INCREMENT, AUTO_INCREMENT=51;

--
-- AUTO_INCREMENT for table `fontweb`
--
ALTER TABLE `fontweb`
  MODIFY `ID_fontweb` int(11) NOT NULL AUTO_INCREMENT, AUTO_INCREMENT=69;

--
-- AUTO_INCREMENT for table `gallery360`
--
ALTER TABLE `gallery360`
  MODIFY `ID_360` int(10) NOT NULL AUTO_INCREMENT, AUTO_INCREMENT=16;

--
-- AUTO_INCREMENT for table `img_room`
--
ALTER TABLE `img_room`
  MODIFY `ID_imgroom` int(11) NOT NULL AUTO_INCREMENT, AUTO_INCREMENT=140;

--
-- AUTO_INCREMENT for table `line_account`
--
ALTER TABLE `line_account`
  MODIFY `id` int(11) NOT NULL AUTO_INCREMENT, AUTO_INCREMENT=5;

--
-- AUTO_INCREMENT for table `package`
--
ALTER TABLE `package`
  MODIFY `id_package` int(5) NOT NULL AUTO_INCREMENT, AUTO_INCREMENT=6;

--
-- AUTO_INCREMENT for table `priceroom`
--
ALTER TABLE `priceroom`
  MODIFY `id_priceroom` int(11) NOT NULL AUTO_INCREMENT, AUTO_INCREMENT=2390;

--
-- AUTO_INCREMENT for table `promotion`
--
ALTER TABLE `promotion`
  MODIFY `ID_pro` int(11) NOT NULL AUTO_INCREMENT, AUTO_INCREMENT=20;

--
-- AUTO_INCREMENT for table `room`
--
ALTER TABLE `room`
  MODIFY `ID_room` int(11) NOT NULL AUTO_INCREMENT, AUTO_INCREMENT=12;

--
-- AUTO_INCREMENT for table `tb_fac`
--
ALTER TABLE `tb_fac`
  MODIFY `id_fac` int(3) NOT NULL AUTO_INCREMENT, AUTO_INCREMENT=11;
COMMIT;

/*!40101 SET CHARACTER_SET_CLIENT=@OLD_CHARACTER_SET_CLIENT */;
/*!40101 SET CHARACTER_SET_RESULTS=@OLD_CHARACTER_SET_RESULTS */;
/*!40101 SET COLLATION_CONNECTION=@OLD_COLLATION_CONNECTION */;
